id,type_no_space_length_1,link_redirect,size_no_space_upper_length_6,type_name,size_first_letter_upper,price_1000_distributor_orbital_fasteners,bip_39_word_underscore_11,description_main_upper_length_3,price_200_distributor_1,size_upper_length_4,size_no_space_length_3,type_upper_length_6,manufacturer_upper,size_first_letter,type_length_4,description_main_upper_length_5,link_buy,size_no_space_upper_length_5,description_or_color,type_upper_length_1,bip_39_word_underscore_2,color_name,bip_39_word_space_6,part_number_first_letter,name_no_color,description_only_numbers,type_length_5,size_upper_length_3,weight_10,bip_39_word_no_space_8,classification_upper_length_2,webpage_distributor_accu,classification_first_letter_upper,oomlout_bolt_type_diagram_diagram,md5_6_alpha_upper,id_no_class,bip_39_word_dash_10,color_no_space_upper_length_3,color_length_1,manufacturers,oomp_word_list,color_length_3,bip_39_word_new_line_8,oomlout_short_code_upper,link_1,classification_no_space_upper_length_3,oomlout_bolt_color,bip_39_word_new_br_8,price_1_distributor_1,kicad_reference,classification_no_space_length_6,classification_upper_length_5,bip_39_word_space_2,id,description_or_color_upper,description_main_no_space_length_1,oomlout_bolt_md5_6_first_3,price_1_distributor_accu,bip_39_word_no_space_12,bip_39_word_space_8,classification_length_5,price_10000_distributor_1,color_first_letter_upper,oomlout_detail_hierarchy_4_upper_length_4,price_3_name,type_capital,color_length_5,oomp_word,description_main_no_space_upper_length_5,bip_39_word_space_5,description_extra_no_space_length_2,bip_39_word_underscore_3,bip_39_word_dash_7,md5_6_upper,bip_39_word_no_space_3,color_no_space_upper_length_5,bip_39_word_space_3,price_1_distributor_2,bip_39_word_no_space_11,price_100,bip_39_word_underscore_9,project_bolt_tray_capacity_oobb_4_width_2_5_length_18_mm_depth_weight,id_no_color,price_current,bip_39_word_new_line_3,description_extra_no_space_length_5,description_main_no_space_upper_length_1,bip_39_word_dash_8,bip_39_word_space_4,md5_10,color_no_space_length_1,name_no_size,barcode_manufacturer_metalmate,part_number_manufacturer_metalmate,bip_39_word_new_br_10,classification_upper_length_1,oomlout_detail_hierarchy_5_upper,description_extra_length_6,classification_first_letter,oomlout_detail_hierarchy_1_upper_length_4,bip_39_word_new_br_6,bip_39_word_new_line_10,color_length_6,manufacturer_capital,description_extra_no_space_length_4,link_buy_name,description_main_upper_length_1,description_extra_upper_length_1,description_extra_length_5,type_no_space_length_4,price_1,description_main_upper_length_2,bip_39_word_dash_4,description_extra_first_letter_upper,size_upper_length_5,md5,bip_39_word_dash_12,type_no_space_upper_length_6,price_1_distributor_orbital_fasteners,description_extra_no_space_upper_length_4,project_bolt_tray_capacity_oobb_4_width_2_5_length_18_mm_depth,bip_39_word_underscore_5,type_no_space_length_6,oomlout_bolt_type,bip_39_word_no_space_5,description_main_first_letter_upper,classification,oomlout_bolt_md5_6_first_3_upper,price_10000_distributor_accu,classification_no_space_length_4,color_no_space_length_6,bip_39_word_space_11,classification_upper,type_length_2,oomlout_bolt_length_no_unit,bip_39_word_underscore_1,color_no_space_length_4,description_main_no_space_length_5,bip_39_word_dash_1,link_oomlout_label_2x1,description_main_upper_length_6,bip_39_word_no_space_1,oomlout_detail_hierarchy_3,oomlout_detail_hierarchy_3_upper,bip_39_word_dash_6,classification_upper_length_4,color_no_space_length_2,classification_length_2,bip_39_word_new_br_1,directory,classification_upper_length_3,part_number_name,oomlout_bolt_head_type,price_200,price_1000_distributor_2,manufacturer_first_letter,link_oomlout_label_3x2_oomp_table,filter,size_upper_length_1,price_10000_distributor_2,description_main_no_space_upper_length_3,color_upper_length_5,webpage_distributor_orbital_fasteners,color_length_4,part_number_distributor_accu,description_main_no_space_length_6,description_extra_no_space_length_3,size_length_5,bip_39_word_no_space_4,md5_6,type_no_space_length_2,name_no_size_short,classification_no_space_upper_length_6,size_upper_length_2,size,weight,color_first_letter,size_no_space_upper_length_2,link_github,bip_39_word_space_12,description_extra_upper_length_2,bip_39_word_underscore_8,type_no_space_upper_length_3,description_extra,bip_39_word_new_br_4,md5_10_upper,bip_39_word_new_br_3,type_length_1,size_length_4,link_3,part_number_distributor_orbital_fasteners,price_200_distributor_orbital_fasteners,bip_39_word_new_line_9,type_no_space_upper_length_4,oomlout_oomp_utility_custom_data_manipulation,color_no_space_upper_length_2,description_main_no_space_length_2,description_extra_length_3,short_code_upper,md5_5,description_main_name,price_1000_distributor_1,type_upper_length_5,type_no_space_upper_length_5,color_no_space_upper_length_1,webpage_manufacturer_metalmate,color_capital,price_1000_distributor_accu,color_upper_length_4,oomp_word_emoji,size_only_numbers,description_main_length_6,price_10000_distributor_orbital_fasteners,bip_39_word_new_line_7,name_no_class,color_no_space_upper_length_4,oomlout_detail_hierarchy_1,part_number_capital,color_upper_length_1,box_of_box_size_manufacturer_metalmate,part_number,name,color_length_2,oomlout_bolt_head_type_diagram,size_no_space_length_4,oomlout_detail_hierarchy_6_upper_length_4,bip_39_word_underscore_12,classification_no_space_length_3,manufacturer_name,type_no_space_upper_length_1,markdown_full,price_200_distributor_accu,description_extra_first_letter,classification_no_space_upper_length_4,price_1000,bip_39_word_new_line_6,oomlout_detail_hierarchy_5_upper_length_4,classification_length_1,bip_39_word_new_line_5,price_100_distributor_2,classification_length_3,oomp_key,type_no_space_upper_length_2,size_no_space_length_2,description_extra_name,oomlout_detail_hierarchy_2_upper,type_no_space_length_5,link_main,description_extra_upper_length_3,bip_39_word_space_1,price_100_distributor_orbital_fasteners,distributors,md5_6_alpha,description_extra_upper_length_5,price_2_name,classification_no_space_length_1,description_main_length_5,description_main_upper,bip_39_word_new_br_12,project_bolt_tray_capacity_oobb_2_5_width_2_length_18_mm_depth,description_extra_no_space_upper_length_1,price_200_distributor_2,bip_39_word_new_br_9,oomlout_detail_hierarchy_4_upper,description_main_upper_length_4,bip_39_word_no_space_7,oomlout_bolt_md5_6_alpha_last_3_upper,description_only_numbers_short,bip_39_word_dash_5,color,name_manufacturer_metalmate,link_oomlout_label_3x2,bip_39_word_space_0,link_2_name,size_no_space_upper_length_1,distributor_current,description_main_no_space_length_3,description_main,oomlout_bolt_size,oomlout_detail_hierarchy_6,description_extra_upper,type_first_letter,type_upper_length_3,color_upper_length_3,oomlout_bolt_md5_6_alpha_first_3_upper,bip_39_word_new_br_5,bip_39_word_no_space_9,classification_no_space_length_2,bip_39_word_new_line_4,bip_39_word_no_space_2,oomp_id,color_no_space_length_3,size_length_2,commonity_code,size_capital,bip_39_word_new_line_1,description_extra_no_space_length_6,link_oomlout_label_6x4,description_extra_upper_length_4,link_1_name,link_2,size_length_1,description_extra_no_space_upper_length_3,bip_39_word_new_line_11,description_main_no_space_upper_length_2,description_extra_capital,oomlout_detail_hierarchy_2_upper_length_4,part_number_upper,part_number_distributor_accu_search,size_no_space_length_5,quantity_current,price_10000,color_upper,oomlout_detail_hierarchy_3_upper_length_4,name_no_type,box_size_manufacturer_metalmate,bip_39_word_underscore_7,oomlout_detail_hierarchy_5,size_no_space_upper_length_3,description_main_length_2,description_extra_no_space_upper_length_6,classification_no_space_length_5,bip_39_word_no_space_6,size_no_space_length_1,color_upper_length_6,description_main_length_3,bip_39_word_new_br_2,classification_capital,description_extra_length_2,size_no_space_length_6,type_first_letter_upper,price_4_name,size_length_6,oomlout_detail_hierarchy_2,oomlout_bolt_name,github_link,price_100_distributor_1,bip_39_word_underscore_10,part_number_first_letter_upper,description_extra_length_4,id_no_type,oomlout_detail_hierarchy_1_upper,bip_39_word_no_space_10,bip_39_word_new_line_12,markdown_short,oomp_word_emoji_list,classification_length_4,classification_no_space_upper_length_1,bip_39_word_new_br_7,oomlout_bolt_md5_6_alpha_first_3,bip_39_word_dash_3,classification_length_6,md5_5_upper,price_1_name,oomlout_bolt_md5_6_last_3,size_name,size_only_numbers_no_zeros,size_upper_length_6,color_no_space_length_5,oomlout_bolt_md5_6_alpha_last_3,oomlout_detail_hierarchy_4,description_extra_upper_length_6,classification_name,type_upper,bip_39_word_underscore_4,description_main_capital,id_no_size,classification_no_space_upper_length_2,oomlout_bolt_length,description_extra_no_space_length_1,bip_39_word_new_line_2,description_extra_no_space_upper_length_5,size_no_space_upper_length_4,description_extra_no_space_upper_length_2,description_main_no_space_upper_length_4,description_main_no_space_upper_length_6,bip_39_word_space_9,type_length_6,bip_39_word_new_br_11,type_length_3,type,type_no_space_length_3,oomlout_bolt_md5_6_last_3_upper,bip_39_word_space_7,description_main_no_space_length_4,description_main_first_letter,type_upper_length_4,type_upper_length_2,description_extra_length_1,price_100_distributor_accu,bip_39_word_dash_11,bip_39_word_dash_2,size_upper,manufacturer_first_letter_upper,bip_39_word_underscore_6,manufacturer,bip_39_word_space_10,color_no_space_upper_length_6,color_upper_length_2,size_length_3,description_main_length_1,oomlout_short_code,classification_no_space_upper_length_5,short_code,link_3_name,classification_upper_length_6,description_main_length_4,oomlout_detail_hierarchy_6_upper,from_yaml,bip_39_word_dash_9
camera_cctv_dome_140_mm,c,https://github.com/oomlout/oomlout_oomp_version_1_messy/tree/main/parts/camera_cctv_dome_140_mm,140MM,Cctv Dome,1,,nut_blind_vacant_evil_surround_mango_once_armor_load_sad_glue,,,140_,140,CCTV_D,,1,cctv,,,140MM, ,C,nut_blind,,nut blind vacant evil surround mango,,140mm,,cctv_,140,,nutblindvacantevilsurroundmangooncearmor,CA,,C,,2OM3Z,cctv_dome_140_mm,nut-blind-vacant-evil-surround-mango-once-armor-load-sad,,,[],"['panda_face', 'honey_pot', 'truck']",,"nut
blind
vacant
evil
surround
mango
once
armor",,https://github.com/oomlout/oomlout_oomp_version_1_messy/tree/main/parts/camera_cctv_dome_140_mm,CAM,,nut<br>blind<br>vacant<br>evil<br>surround<br>mango<br>once<br>armor,,,camera,CAMER,nut blind,camera_cctv_dome_140_mm, ,,,,nutblindvacantevilsurroundmangooncearmorloadsadglueaffair,nut blind vacant evil surround mango once armor,camer,,,,amazon,Cctv Dome,,panda_face honey_pot truck,,nut blind vacant evil surround,,nut_blind_vacant,nut-blind-vacant-evil-surround-mango-once,44C7EF,nutblindvacant,,nut blind vacant,,nutblindvacantevilsurroundmangooncearmorloadsadglue,,nut_blind_vacant_evil_surround_mango_once_armor_load,,140mm,,"nut
blind
vacant",,,nut-blind-vacant-evil-surround-mango-once-armor,nut blind vacant evil,44c7ef6c17,,140 mm,,,nut<br>blind<br>vacant<br>evil<br>surround<br>mango<br>once<br>armor<br>load<br>sad,C,,,c,CAME,nut<br>blind<br>vacant<br>evil<br>surround<br>mango,"nut
blind
vacant
evil
surround
mango
once
armor
load
sad",,,,,,,,cctv,,,nut-blind-vacant-evil,,140_M,44c7ef6c170bf3521ced44dfe0c5f4bd,nut-blind-vacant-evil-surround-mango-once-armor-load-sad-glue-affair,CCTVDO,,,,nut_blind_vacant_evil_surround,cctvdo,,nutblindvacantevilsurround,,camera,,,came,,nut blind vacant evil surround mango once armor load sad glue,CAMERA,cc,,nut,,,nut,http://192.168.1.242:1112/?label=oomp%202om3z,,nut,140_mm,140_MM,nut-blind-vacant-evil-surround-mango,CAME,,ca,nut,parts/camera_cctv_dome_140_mm,CAM,,,,,,http://192.168.1.108:1112/?label=oomp%202om3z,,1,,,,,,,,,140_m,nutblindvacantevil,44c7ef,cc,140 Mm,CAMERA,14,140_mm,,,14,https://github.com/oomlout/oomlout_oomp_version_1_messy/tree/main/parts/camera_cctv_dome_140_mm,nut blind vacant evil surround mango once armor load sad glue affair,,nut_blind_vacant_evil_surround_mango_once_armor,CCT,,nut<br>blind<br>vacant<br>evil,44C7EF6C17,nut<br>blind<br>vacant,c,140_,,,,"nut
blind
vacant
evil
surround
mango
once
armor
load",CCTV,True,,,,,44c7e,,,CCTV_,CCTVD,,,,,,:panda_face: :honey_pot: :truck:,140,,,"nut
blind
vacant
evil
surround
mango
once",Cctv Dome 140 mm,,camera,,,,,Camera Cctv Dome 140 mm,,,140m,,nut_blind_vacant_evil_surround_mango_once_armor_load_sad_glue_affair,cam,,C,[camera_cctv_dome_140_mm](none)<br>[](none)<br>[Camera Cctv Dome 140 Mm](none)<br><br>,,,CAME,,"nut
blind
vacant
evil
surround
mango",,c,"nut
blind
vacant
evil
surround",,cam,oomp_camera_cctv_dome_140_mm,CC,14,,CCTV_DOME,cctvd,https://github.com/oomlout/oomlout_oomp_version_1_messy/tree/main/parts/camera_cctv_dome_140_mm,,nut,,[],2om3z,,accu,c,,,nut<br>blind<br>vacant<br>evil<br>surround<br>mango<br>once<br>armor<br>load<br>sad<br>glue<br>affair,,,,nut<br>blind<br>vacant<br>evil<br>surround<br>mango<br>once<br>armor<br>load,,,nutblindvacantevilsurroundmangoonce,, ,nut-blind-vacant-evil-surround,,,http://192.168.1.245:1112/?label=oomp%202om3z,"['nut', 'blind', 'vacant', 'evil', 'surround', 'mango', 'once', 'armor', 'load', 'sad', 'glue', 'affair']",link_github,1,,,,,,,c,CCT,,,nut<br>blind<br>vacant<br>evil<br>surround,nutblindvacantevilsurroundmangooncearmorload,ca,"nut
blind
vacant
evil",nutblind,,,14,,140 mm,nut,,http://192.168.1.55:1112/?label=oomp%202om3z,,link_main,https://github.com/oomlout/oomlout_oomp_version_1_messy/tree/main/parts/camera_cctv_dome_140_mm,1,,"nut
blind
vacant
evil
surround
mango
once
armor
load
sad
glue",,,CCTV,,,140mm,,,,140_,140 mm,,nut_blind_vacant_evil_surround_mango_once,,140,,,camer,nutblindvacantevilsurroundmango,1,,,nut<br>blind,Camera,,140mm,C,aliexpress,140_mm,cctv_dome,,https://github.com/oomlout/oomlout_oomp_part_src/tree/main/parts/camera_cctv_dome_140_mm,,nut_blind_vacant_evil_surround_mango_once_armor_load_sad,,,140_mm,CAMERA,nutblindvacantevilsurroundmangooncearmorloadsad,"nut
blind
vacant
evil
surround
mango
once
armor
load
sad
glue
affair",[camera_cctv_dome_140_mm](none)<br><br>,"[':panda_face:', ':honey_pot:', ':truck:']",came,C,nut<br>blind<br>vacant<br>evil<br>surround<br>mango<br>once,,nut-blind-vacant,camera,44C7E,orbital_fasteners,,140 mm,14,140_MM,,,,,Camera,CCTV_DOME,nut_blind_vacant_evil,,140_mm,CA,,,"nut
blind",,140M,,,,nut blind vacant evil surround mango once armor load,cctv_d,nut<br>blind<br>vacant<br>evil<br>surround<br>mango<br>once<br>armor<br>load<br>sad<br>glue,cct,cctv_dome,cct,,nut blind vacant evil surround mango once,,,CCTV,CC,,,nut-blind-vacant-evil-surround-mango-once-armor-load-sad-glue,nut-blind,140_MM,,nut_blind_vacant_evil_surround_mango,,nut blind vacant evil surround mango once armor load sad,,,140,,,CAMER,,,CAMERA,,,False,nut-blind-vacant-evil-surround-mango-once-armor-load
hardware_screw_countersunk_m3_black_10_mm_length_hex_head,s,https://github.com/oomlout/oomlout_oomp_version_1_messy/tree/main/parts/hardware_screw_countersunk_m3_black_10_mm_length_hex_head,M3,Screw Countersunk,M,0.0131,wrong_dose_unfair_auto_rapid_cactus_daughter_vast_culture_twist_poet,10_,0.0163,M3,m3,SCREW_,,m,scre,10_MM,https://www.orbitalfasteners.co.uk/products/m3-x-10-socket-screw-countersunk-high-tensile-grade-10-9-self-colour-din-7991,M3,B10,S,wrong_dose,Black,wrong dose unfair auto rapid cactus,,10 mm Length Hex Head,10,screw,M3,5.24,wrongdoseunfairautorapidcactusdaughtervast,HA,https://www.accu.co.uk/countersunk-socket-head-screws/472017-SSK-M3-10-10-9,H,type_diagram.png,2GXA2,screw_countersunk_m3_black_10_mm_length_hex_head,wrong-dose-unfair-auto-rapid-cactus-daughter-vast-culture-twist,BLA,b,[],"['horse', 'honeybee', 'camera']",bla,"wrong
dose
unfair
auto
rapid
cactus
daughter
vast",CS3B10H,https://github.com/oomlout/oomlout_oomp_version_1_messy/tree/main/parts/hardware_screw_countersunk_m3_black_10_mm_length_hex_head,HAR,Black,wrong<br>dose<br>unfair<br>auto<br>rapid<br>cactus<br>daughter<br>vast,0.0294,,hardwa,HARDW,wrong dose,hardware_screw_countersunk_m3_black_10_mm_length_hex_head,B10,1,3f4,0.63,wrongdoseunfairautorapidcactusdaughtervastculturetwistpoetadvance,wrong dose unfair auto rapid cactus daughter vast,hardw,0.0131,B,BLAC,amazon,Screw Countersunk,black,horse honeybee camera,10MML,wrong dose unfair auto rapid,he,wrong_dose_unfair,wrong-dose-unfair-auto-rapid-cactus-daughter,3F4E7A,wrongdoseunfair,BLACK,wrong dose unfair,0.63,wrongdoseunfairautorapidcactusdaughtervastculturetwistpoet,0.0294,wrong_dose_unfair_auto_rapid_cactus_daughter_vast_culture,57.64,10_mm_length_hex_head,0.0163,"wrong
dose
unfair",hexhe,1,wrong-dose-unfair-auto-rapid-cactus-daughter-vast,wrong dose unfair auto,3f4e7ae1ac,b,Black 10 mm Length Hex Head,5050420669054,1151M390010,wrong<br>dose<br>unfair<br>auto<br>rapid<br>cactus<br>daughter<br>vast<br>culture<br>twist,H,10_MM_LENGTH,hex_he,h,HARD,wrong<br>dose<br>unfair<br>auto<br>rapid<br>cactus,"wrong
dose
unfair
auto
rapid
cactus
daughter
vast
culture
twist",black,,hexh,orbital_fasteners,1,H,hex_h,scre,0.0294,10,wrong-dose-unfair-auto,H,M3,3f4e7ae1acf1a6f88058f0f9da1067f5,wrong-dose-unfair-auto-rapid-cactus-daughter-vast-culture-twist-poet-advance,SCREWC,0.0294,HEXH,110,wrong_dose_unfair_auto_rapid,screwc,Countersunk,wrongdoseunfairautorapid,1,hardware,3F4,0.02,hard,black,wrong dose unfair auto rapid cactus daughter vast culture twist poet,HARDWARE,sc,10,wrong,blac,10mml,wrong,http://192.168.1.242:1112/?label=oomp%202gxa2,10_MM_,wrong,m3,M3,wrong-dose-unfair-auto-rapid-cactus,HARD,bl,ha,wrong,parts/hardware_screw_countersunk_m3_black_10_mm_length_hex_head,HAR,,Hex Head,0.0163,0.03,,http://192.168.1.108:1112/?label=oomp%202gxa2,,M,0.02,10M,BLACK,https://www.orbitalfasteners.co.uk/products/m3-x-10-socket-screw-countersunk-high-tensile-grade-10-9-self-colour-din-7991,blac,SSK-M3-10-10.9,10mmle,hex,m3,wrongdoseunfairauto,3f4e7a,sc,Black 10 Mm Length Hex Head,HARDWA,M3,m3,0.524,b,M3,https://github.com/oomlout/oomlout_oomp_version_1_messy/tree/main/parts/hardware_screw_countersunk_m3_black_10_mm_length_hex_head,wrong dose unfair auto rapid cactus daughter vast culture twist poet advance,HE,wrong_dose_unfair_auto_rapid_cactus_daughter_vast,SCR,hex_head,wrong<br>dose<br>unfair<br>auto,3F4E7AE1AC,wrong<br>dose<br>unfair,s,m3,https://www.harclob2b.com/m3-x-10-socket-csk-screw-gr10-9-self-colour-din-79-1151m390010,1901020,0.0163,"wrong
dose
unfair
auto
rapid
cactus
daughter
vast
culture",SCRE,True,BL,10,hex,CS3B10H,3f4e7,10 mm Length,0.0131,SCREW,SCREW,B,https://www.harclob2b.com/m3-x-10-socket-csk-screw-gr10-9-self-colour-din-79-1151m390010,Black,0.03,BLAC,:horse: :honeybee: :camera:,3,10_mm_,0.0131,"wrong
dose
unfair
auto
rapid
cactus
daughter",Screw Countersunk M3 Black 10 mm Length Hex Head,BLAC,hardware,,B,4800,,Hardware Screw Countersunk M3 Black 10 mm Length Hex Head,bl,head_type_diagram.png,m3,HEX_,wrong_dose_unfair_auto_rapid_cactus_daughter_vast_culture_twist_poet_advance,har,,S,[hardware_screw_countersunk_m3_black_10_mm_length_hex_head](none)<br>[cs3b10h](none)<br>[Hardware Screw Countersunk M3 Black 10 Mm Length Hex Head](none)<br><br>,0.03,h,HARD,0.0131,"wrong
dose
unfair
auto
rapid
cactus",10LE,h,"wrong
dose
unfair
auto
rapid",0.03,har,oomp_hardware_screw_countersunk_m3_black_10_mm_length_hex_head,SC,m3,Hex Head,SCOUNTERSUNK,screw,https://github.com/oomlout/oomlout_oomp_version_1_messy/tree/main/parts/hardware_screw_countersunk_m3_black_10_mm_length_hex_head,HEX,wrong,0.0294,[],2gxa2,HEX_H,accu,h,10_mm,10_MM_LENGTH,wrong<br>dose<br>unfair<br>auto<br>rapid<br>cactus<br>daughter<br>vast<br>culture<br>twist<br>poet<br>advance,55,H,0.03,wrong<br>dose<br>unfair<br>auto<br>rapid<br>cactus<br>daughter<br>vast<br>culture,BLACK,10_M,wrongdoseunfairautorapidcactusdaughter,A2,10,wrong-dose-unfair-auto-rapid,black,M3 x 10 Socket Csk Screw Gr10.9 Self Colour DIN 7991 165,http://192.168.1.245:1112/?label=oomp%202gxa2,"['wrong', 'dose', 'unfair', 'auto', 'rapid', 'cactus', 'daughter', 'vast', 'culture', 'twist', 'poet', 'advance']",link_github,M,orbital_fasteners,10m,10_mm_length,M3,hex_head,HEX_HEAD,s,SCR,BLA,2GX,wrong<br>dose<br>unfair<br>auto<br>rapid,wrongdoseunfairautorapidcactusdaughtervastculture,ha,"wrong
dose
unfair
auto",wrongdose,hardware_screw_countersunk_m3_black_10_mm_length_hex_head,bla,m3,7318156890,M3,wrong,hexhea,http://192.168.1.55:1112/?label=oomp%202gxa2,HEX_,link_main,https://github.com/oomlout/oomlout_oomp_version_1_messy/tree/main/parts/hardware_screw_countersunk_m3_black_10_mm_length_hex_head,m,HEX,"wrong
dose
unfair
auto
rapid
cactus
daughter
vast
culture
twist
poet",10,Hex Head,SCOU,,SSK-M3-10-10.9+-zinc,m3,200,0.0131,BLACK,M3,M3 Black 10 mm Length Hex Head,200,wrong_dose_unfair_auto_rapid_cactus_daughter,10_mm_length,M3,10,HEXHEA,hardw,wrongdoseunfairautorapidcactus,m,BLACK,10_,wrong<br>dose,Hardware,he,m3,S,aliexpress,m3,scountersunk,Countersunk M3X10 mm Black (Hex Head),https://github.com/oomlout/oomlout_oomp_part_src/tree/main/parts/hardware_screw_countersunk_m3_black_10_mm_length_hex_head,0.0294,wrong_dose_unfair_auto_rapid_cactus_daughter_vast_culture_twist,,hex_,m3_black_10_mm_length_hex_head,HARDWARE,wrongdoseunfairautorapidcactusdaughtervastculturetwist,"wrong
dose
unfair
auto
rapid
cactus
daughter
vast
culture
twist
poet
advance",[hardware_screw_countersunk_m3_black_10_mm_length_hex_head](none)<br><br>,"[':horse:', ':honeybee:', ':camera:']",hard,H,wrong<br>dose<br>unfair<br>auto<br>rapid<br>cactus<br>daughter,2gx,wrong-dose-unfair,hardwa,3F4E7,orbital_fasteners,e7a,M3,3,M3,black,a2,black,HEX_HE,Hardware,SCREW_COUNTERSUNK,wrong_dose_unfair_auto,10 mm Length,black_10_mm_length_hex_head,HA,10 mm,h,"wrong
dose",HEXHE,M3,HE,10MM,10MMLE,wrong dose unfair auto rapid cactus daughter vast culture,screw_,wrong<br>dose<br>unfair<br>auto<br>rapid<br>cactus<br>daughter<br>vast<br>culture<br>twist<br>poet,scr,screw_countersunk,scr,E7A,wrong dose unfair auto rapid cactus daughter,10mm,1,SCRE,SC,h,0.03,wrong-dose-unfair-auto-rapid-cactus-daughter-vast-culture-twist-poet,wrong-dose,M3,,wrong_dose_unfair_auto_rapid_cactus,,wrong dose unfair auto rapid cactus daughter vast culture twist,BLACK,BL,m3,1,cs3b10h,HARDW,cs3b10h,webpage_manufacturer_metalmate,HARDWA,10_m,HEX_HEAD,False,wrong-dose-unfair-auto-rapid-cactus-daughter-vast-culture
hardware_screw_countersunk_m3_black_12_mm_length_hex_head,s,https://github.com/oomlout/oomlout_oomp_version_1_messy/tree/main/parts/hardware_screw_countersunk_m3_black_12_mm_length_hex_head,M3,Screw Countersunk,M,0.0134,unique_dog_issue_artefact_shiver_alcohol_priority_west_evil_image_excuse,12_,0.0168,M3,m3,SCREW_,,m,scre,12_MM,https://www.orbitalfasteners.co.uk/products/m3-x-12-socket-screw-countersunk-high-tensile-grade-10-9-self-colour-din-7991,M3,B12,S,unique_dog,Black,unique dog issue artefact shiver alcohol,,12 mm Length Hex Head,12,screw,M3,6.08,uniquedogissueartefactshiveralcoholprioritywest,HA,https://www.accu.co.uk/countersunk-socket-head-screws/472018-SSK-M3-12-10-9,H,type_diagram.png,6QGWS,screw_countersunk_m3_black_12_mm_length_hex_head,unique-dog-issue-artefact-shiver-alcohol-priority-west-evil-image,BLA,b,[],"['shirt', 'clubs', 'dancer']",bla,"unique
dog
issue
artefact
shiver
alcohol
priority
west",CS3B12H,https://github.com/oomlout/oomlout_oomp_version_1_messy/tree/main/parts/hardware_screw_countersunk_m3_black_12_mm_length_hex_head,HAR,Black,unique<br>dog<br>issue<br>artefact<br>shiver<br>alcohol<br>priority<br>west,0.0302,,hardwa,HARDW,unique dog,hardware_screw_countersunk_m3_black_12_mm_length_hex_head,B12,1,ac9,0.65,uniquedogissueartefactshiveralcoholprioritywestevilimageexcuseapprove,unique dog issue artefact shiver alcohol priority west,hardw,0.0134,B,BLAC,amazon,Screw Countersunk,black,shirt clubs dancer,12MML,unique dog issue artefact shiver,he,unique_dog_issue,unique-dog-issue-artefact-shiver-alcohol-priority,AC9E1C,uniquedogissue,BLACK,unique dog issue,0.65,uniquedogissueartefactshiveralcoholprioritywestevilimageexcuse,0.0302,unique_dog_issue_artefact_shiver_alcohol_priority_west_evil,54.72,12_mm_length_hex_head,0.0168,"unique
dog
issue",hexhe,1,unique-dog-issue-artefact-shiver-alcohol-priority-west,unique dog issue artefact,ac9e1c526f,b,Black 12 mm Length Hex Head,5050420669061,1151M390012,unique<br>dog<br>issue<br>artefact<br>shiver<br>alcohol<br>priority<br>west<br>evil<br>image,H,12_MM_LENGTH,hex_he,h,HARD,unique<br>dog<br>issue<br>artefact<br>shiver<br>alcohol,"unique
dog
issue
artefact
shiver
alcohol
priority
west
evil
image",black,,hexh,orbital_fasteners,1,H,hex_h,scre,0.0302,12,unique-dog-issue-artefact,H,M3,ac9e1c526ff9755c186310ceed50276c,unique-dog-issue-artefact-shiver-alcohol-priority-west-evil-image-excuse-approve,SCREWC,0.0302,HEXH,90,unique_dog_issue_artefact_shiver,screwc,Countersunk,uniquedogissueartefactshiver,1,hardware,AC9,0.03,hard,black,unique dog issue artefact shiver alcohol priority west evil image excuse,HARDWARE,sc,12,unique,blac,12mml,unique,http://192.168.1.242:1112/?label=oomp%206qgws,12_MM_,unique,m3,M3,unique-dog-issue-artefact-shiver-alcohol,HARD,bl,ha,unique,parts/hardware_screw_countersunk_m3_black_12_mm_length_hex_head,HAR,,Hex Head,0.0168,0.03,,http://192.168.1.108:1112/?label=oomp%206qgws,,M,0.03,12M,BLACK,https://www.orbitalfasteners.co.uk/products/m3-x-12-socket-screw-countersunk-high-tensile-grade-10-9-self-colour-din-7991,blac,SSK-M3-12-10.9,12mmle,hex,m3,uniquedogissueartefact,ac9e1c,sc,Black 12 Mm Length Hex Head,HARDWA,M3,m3,0.608,b,M3,https://github.com/oomlout/oomlout_oomp_version_1_messy/tree/main/parts/hardware_screw_countersunk_m3_black_12_mm_length_hex_head,unique dog issue artefact shiver alcohol priority west evil image excuse approve,HE,unique_dog_issue_artefact_shiver_alcohol_priority_west,SCR,hex_head,unique<br>dog<br>issue<br>artefact,AC9E1C526F,unique<br>dog<br>issue,s,m3,https://www.harclob2b.com/m3-x-12-socket-csk-screw-gr10-9-self-colour-din-79-1151m390012,1901030,0.0168,"unique
dog
issue
artefact
shiver
alcohol
priority
west
evil",SCRE,True,BL,12,hex,CS3B12H,ac9e1,12 mm Length,0.0134,SCREW,SCREW,B,https://www.harclob2b.com/m3-x-12-socket-csk-screw-gr10-9-self-colour-din-79-1151m390012,Black,0.03,BLAC,:shirt: :clubs: :dancer:,3,12_mm_,0.0134,"unique
dog
issue
artefact
shiver
alcohol
priority",Screw Countersunk M3 Black 12 mm Length Hex Head,BLAC,hardware,,B,4800,,Hardware Screw Countersunk M3 Black 12 mm Length Hex Head,bl,head_type_diagram.png,m3,HEX_,unique_dog_issue_artefact_shiver_alcohol_priority_west_evil_image_excuse_approve,har,,S,[hardware_screw_countersunk_m3_black_12_mm_length_hex_head](none)<br>[cs3b12h](none)<br>[Hardware Screw Countersunk M3 Black 12 Mm Length Hex Head](none)<br><br>,0.04,h,HARD,0.0134,"unique
dog
issue
artefact
shiver
alcohol",12LE,h,"unique
dog
issue
artefact
shiver",0.04,har,oomp_hardware_screw_countersunk_m3_black_12_mm_length_hex_head,SC,m3,Hex Head,SCOUNTERSUNK,screw,https://github.com/oomlout/oomlout_oomp_version_1_messy/tree/main/parts/hardware_screw_countersunk_m3_black_12_mm_length_hex_head,HEX,unique,0.0302,[],6qgws,HEX_H,accu,h,12_mm,12_MM_LENGTH,unique<br>dog<br>issue<br>artefact<br>shiver<br>alcohol<br>priority<br>west<br>evil<br>image<br>excuse<br>approve,45,H,0.04,unique<br>dog<br>issue<br>artefact<br>shiver<br>alcohol<br>priority<br>west<br>evil,BLACK,12_M,uniquedogissueartefactshiveralcoholpriority,WS,12,unique-dog-issue-artefact-shiver,black,M3 x 12 Socket Csk Screw Gr10.9 Self Colour DIN 7991 165,http://192.168.1.245:1112/?label=oomp%206qgws,"['unique', 'dog', 'issue', 'artefact', 'shiver', 'alcohol', 'priority', 'west', 'evil', 'image', 'excuse', 'approve']",link_github,M,orbital_fasteners,12m,12_mm_length,M3,hex_head,HEX_HEAD,s,SCR,BLA,6QG,unique<br>dog<br>issue<br>artefact<br>shiver,uniquedogissueartefactshiveralcoholprioritywestevil,ha,"unique
dog
issue
artefact",uniquedog,hardware_screw_countersunk_m3_black_12_mm_length_hex_head,bla,m3,7318156890,M3,unique,hexhea,http://192.168.1.55:1112/?label=oomp%206qgws,HEX_,link_main,https://github.com/oomlout/oomlout_oomp_version_1_messy/tree/main/parts/hardware_screw_countersunk_m3_black_12_mm_length_hex_head,m,HEX,"unique
dog
issue
artefact
shiver
alcohol
priority
west
evil
image
excuse",12,Hex Head,SCOU,,SSK-M3-12-10.9+-zinc,m3,200,0.0134,BLACK,M3,M3 Black 12 mm Length Hex Head,200,unique_dog_issue_artefact_shiver_alcohol_priority,12_mm_length,M3,12,HEXHEA,hardw,uniquedogissueartefactshiveralcohol,m,BLACK,12_,unique<br>dog,Hardware,he,m3,S,aliexpress,m3,scountersunk,Countersunk M3X12 mm Black (Hex Head),https://github.com/oomlout/oomlout_oomp_part_src/tree/main/parts/hardware_screw_countersunk_m3_black_12_mm_length_hex_head,0.0302,unique_dog_issue_artefact_shiver_alcohol_priority_west_evil_image,,hex_,m3_black_12_mm_length_hex_head,HARDWARE,uniquedogissueartefactshiveralcoholprioritywestevilimage,"unique
dog
issue
artefact
shiver
alcohol
priority
west
evil
image
excuse
approve",[hardware_screw_countersunk_m3_black_12_mm_length_hex_head](none)<br><br>,"[':shirt:', ':clubs:', ':dancer:']",hard,H,unique<br>dog<br>issue<br>artefact<br>shiver<br>alcohol<br>priority,6qg,unique-dog-issue,hardwa,AC9E1,orbital_fasteners,e1c,M3,3,M3,black,ws,black,HEX_HE,Hardware,SCREW_COUNTERSUNK,unique_dog_issue_artefact,12 mm Length,black_12_mm_length_hex_head,HA,12 mm,h,"unique
dog",HEXHE,M3,HE,12MM,12MMLE,unique dog issue artefact shiver alcohol priority west evil,screw_,unique<br>dog<br>issue<br>artefact<br>shiver<br>alcohol<br>priority<br>west<br>evil<br>image<br>excuse,scr,screw_countersunk,scr,E1C,unique dog issue artefact shiver alcohol priority,12mm,1,SCRE,SC,h,0.04,unique-dog-issue-artefact-shiver-alcohol-priority-west-evil-image-excuse,unique-dog,M3,,unique_dog_issue_artefact_shiver_alcohol,,unique dog issue artefact shiver alcohol priority west evil image,BLACK,BL,m3,1,cs3b12h,HARDW,cs3b12h,webpage_manufacturer_metalmate,HARDWA,12_m,HEX_HEAD,False,unique-dog-issue-artefact-shiver-alcohol-priority-west-evil
hardware_screw_countersunk_m3_black_16_mm_length_hex_head,s,https://github.com/oomlout/oomlout_oomp_version_1_messy/tree/main/parts/hardware_screw_countersunk_m3_black_16_mm_length_hex_head,M3,Screw Countersunk,M,0.016,broken_fancy_swap_apology_pattern_mention_again_want_jeans_post_mystery,16_,0.0199,M3,m3,SCREW_,,m,scre,16_MM,https://www.orbitalfasteners.co.uk/products/m3-x-16-socket-screw-countersunk-high-tensile-grade-10-9-self-colour-din-7991,M3,B16,S,broken_fancy,Black,broken fancy swap apology pattern mention,,16 mm Length Hex Head,16,screw,M3,7.68,brokenfancyswapapologypatternmentionagainwant,HA,https://www.accu.co.uk/countersunk-socket-head-screws/495048-SSK-M3-16-10-9,H,type_diagram.png,30D0Q,screw_countersunk_m3_black_16_mm_length_hex_head,broken-fancy-swap-apology-pattern-mention-again-want-jeans-post,BLA,b,[],"['bug', 'droplet', 'tractor']",bla,"broken
fancy
swap
apology
pattern
mention
again
want",CS3B16H,https://github.com/oomlout/oomlout_oomp_version_1_messy/tree/main/parts/hardware_screw_countersunk_m3_black_16_mm_length_hex_head,HAR,Black,broken<br>fancy<br>swap<br>apology<br>pattern<br>mention<br>again<br>want,0.0359,,hardwa,HARDW,broken fancy,hardware_screw_countersunk_m3_black_16_mm_length_hex_head,B16,1,4d2,0.65,brokenfancyswapapologypatternmentionagainwantjeanspostmysteryage,broken fancy swap apology pattern mention again want,hardw,0.016,B,BLAC,amazon,Screw Countersunk,black,bug droplet tractor,16MML,broken fancy swap apology pattern,he,broken_fancy_swap,broken-fancy-swap-apology-pattern-mention-again,4D24EA,brokenfancyswap,BLACK,broken fancy swap,0.65,brokenfancyswapapologypatternmentionagainwantjeanspostmystery,0.0359,broken_fancy_swap_apology_pattern_mention_again_want_jeans,53.76,16_mm_length_hex_head,0.0199,"broken
fancy
swap",hexhe,1,broken-fancy-swap-apology-pattern-mention-again-want,broken fancy swap apology,4d24ea2bbd,b,Black 16 mm Length Hex Head,,1151M390016,broken<br>fancy<br>swap<br>apology<br>pattern<br>mention<br>again<br>want<br>jeans<br>post,H,16_MM_LENGTH,hex_he,h,HARD,broken<br>fancy<br>swap<br>apology<br>pattern<br>mention,"broken
fancy
swap
apology
pattern
mention
again
want
jeans
post",black,,hexh,orbital_fasteners,1,H,hex_h,scre,0.0359,16,broken-fancy-swap-apology,H,M3,4d24ea2bbdf6e0962c50a0a7b694b8e4,broken-fancy-swap-apology-pattern-mention-again-want-jeans-post-mystery-age,SCREWC,0.0359,HEXH,70,broken_fancy_swap_apology_pattern,screwc,Countersunk,brokenfancyswapapologypattern,1,hardware,4D2,0.03,hard,black,broken fancy swap apology pattern mention again want jeans post mystery,HARDWARE,sc,16,broken,blac,16mml,broken,http://192.168.1.242:1112/?label=oomp%2030d0q,16_MM_,broken,m3,M3,broken-fancy-swap-apology-pattern-mention,HARD,bl,ha,broken,parts/hardware_screw_countersunk_m3_black_16_mm_length_hex_head,HAR,,Hex Head,0.0199,0.03,,http://192.168.1.108:1112/?label=oomp%2030d0q,,M,0.03,16M,BLACK,https://www.orbitalfasteners.co.uk/products/m3-x-16-socket-screw-countersunk-high-tensile-grade-10-9-self-colour-din-7991,blac,SSK-M3-16-10.9,16mmle,hex,m3,brokenfancyswapapology,4d24ea,sc,Black 16 Mm Length Hex Head,HARDWA,M3,m3,0.768,b,M3,https://github.com/oomlout/oomlout_oomp_version_1_messy/tree/main/parts/hardware_screw_countersunk_m3_black_16_mm_length_hex_head,broken fancy swap apology pattern mention again want jeans post mystery age,HE,broken_fancy_swap_apology_pattern_mention_again_want,SCR,hex_head,broken<br>fancy<br>swap<br>apology,4D24EA2BBD,broken<br>fancy<br>swap,s,m3,,1901040,0.0199,"broken
fancy
swap
apology
pattern
mention
again
want
jeans",SCRE,True,BL,16,hex,CS3B16H,4d24e,16 mm Length,0.016,SCREW,SCREW,B,,Black,0.03,BLAC,:bug: :droplet: :tractor:,3,16_mm_,0.016,"broken
fancy
swap
apology
pattern
mention
again",Screw Countersunk M3 Black 16 mm Length Hex Head,BLAC,hardware,,B,,,Hardware Screw Countersunk M3 Black 16 mm Length Hex Head,bl,head_type_diagram.png,m3,HEX_,broken_fancy_swap_apology_pattern_mention_again_want_jeans_post_mystery_age,har,,S,[hardware_screw_countersunk_m3_black_16_mm_length_hex_head](none)<br>[cs3b16h](none)<br>[Hardware Screw Countersunk M3 Black 16 Mm Length Hex Head](none)<br><br>,0.04,h,HARD,0.016,"broken
fancy
swap
apology
pattern
mention",16LE,h,"broken
fancy
swap
apology
pattern",0.04,har,oomp_hardware_screw_countersunk_m3_black_16_mm_length_hex_head,SC,m3,Hex Head,SCOUNTERSUNK,screw,https://github.com/oomlout/oomlout_oomp_version_1_messy/tree/main/parts/hardware_screw_countersunk_m3_black_16_mm_length_hex_head,HEX,broken,0.0359,[],30d0q,HEX_H,accu,h,16_mm,16_MM_LENGTH,broken<br>fancy<br>swap<br>apology<br>pattern<br>mention<br>again<br>want<br>jeans<br>post<br>mystery<br>age,35,H,0.04,broken<br>fancy<br>swap<br>apology<br>pattern<br>mention<br>again<br>want<br>jeans,BLACK,16_M,brokenfancyswapapologypatternmentionagain,0Q,16,broken-fancy-swap-apology-pattern,black,,http://192.168.1.245:1112/?label=oomp%2030d0q,"['broken', 'fancy', 'swap', 'apology', 'pattern', 'mention', 'again', 'want', 'jeans', 'post', 'mystery', 'age']",link_github,M,orbital_fasteners,16m,16_mm_length,M3,hex_head,HEX_HEAD,s,SCR,BLA,30D,broken<br>fancy<br>swap<br>apology<br>pattern,brokenfancyswapapologypatternmentionagainwantjeans,ha,"broken
fancy
swap
apology",brokenfancy,hardware_screw_countersunk_m3_black_16_mm_length_hex_head,bla,m3,,M3,broken,hexhea,http://192.168.1.55:1112/?label=oomp%2030d0q,HEX_,link_main,https://github.com/oomlout/oomlout_oomp_version_1_messy/tree/main/parts/hardware_screw_countersunk_m3_black_16_mm_length_hex_head,m,HEX,"broken
fancy
swap
apology
pattern
mention
again
want
jeans
post
mystery",16,Hex Head,SCOU,,SSK-M3-16-10.9+-zinc,m3,200,0.016,BLACK,M3,M3 Black 16 mm Length Hex Head,,broken_fancy_swap_apology_pattern_mention_again,16_mm_length,M3,16,HEXHEA,hardw,brokenfancyswapapologypatternmention,m,BLACK,16_,broken<br>fancy,Hardware,he,m3,S,aliexpress,m3,scountersunk,Countersunk M3X16 mm Black (Hex Head),https://github.com/oomlout/oomlout_oomp_part_src/tree/main/parts/hardware_screw_countersunk_m3_black_16_mm_length_hex_head,0.0359,broken_fancy_swap_apology_pattern_mention_again_want_jeans_post,,hex_,m3_black_16_mm_length_hex_head,HARDWARE,brokenfancyswapapologypatternmentionagainwantjeanspost,"broken
fancy
swap
apology
pattern
mention
again
want
jeans
post
mystery
age",[hardware_screw_countersunk_m3_black_16_mm_length_hex_head](none)<br><br>,"[':bug:', ':droplet:', ':tractor:']",hard,H,broken<br>fancy<br>swap<br>apology<br>pattern<br>mention<br>again,30d,broken-fancy-swap,hardwa,4D24E,orbital_fasteners,4ea,M3,3,M3,black,0q,black,HEX_HE,Hardware,SCREW_COUNTERSUNK,broken_fancy_swap_apology,16 mm Length,black_16_mm_length_hex_head,HA,16 mm,h,"broken
fancy",HEXHE,M3,HE,16MM,16MMLE,broken fancy swap apology pattern mention again want jeans,screw_,broken<br>fancy<br>swap<br>apology<br>pattern<br>mention<br>again<br>want<br>jeans<br>post<br>mystery,scr,screw_countersunk,scr,4EA,broken fancy swap apology pattern mention again,16mm,1,SCRE,SC,h,0.04,broken-fancy-swap-apology-pattern-mention-again-want-jeans-post-mystery,broken-fancy,M3,,broken_fancy_swap_apology_pattern_mention,,broken fancy swap apology pattern mention again want jeans post,BLACK,BL,m3,1,cs3b16h,HARDW,cs3b16h,,HARDWA,16_m,HEX_HEAD,False,broken-fancy-swap-apology-pattern-mention-again-want-jeans
hardware_screw_countersunk_m3_black_20_mm_length_hex_head,s,https://github.com/oomlout/oomlout_oomp_version_1_messy/tree/main/parts/hardware_screw_countersunk_m3_black_20_mm_length_hex_head,M3,Screw Countersunk,M,0.0185,job_clip_fiber_frog_access_entry_exotic_lonely_chalk_organ_yard,20_,0.023,M3,m3,SCREW_,,m,scre,20_MM,https://www.orbitalfasteners.co.uk/products/m3-x-20-socket-screw-countersunk-high-tensile-grade-10-9-self-colour-din-7991,M3,B20,S,job_clip,Black,job clip fiber frog access entry,,20 mm Length Hex Head,20,screw,M3,9.35,jobclipfiberfrogaccessentryexoticlonely,HA,https://www.accu.co.uk/countersunk-socket-head-screws/472019-SSK-M3-20-10-9,H,type_diagram.png,8Z25J,screw_countersunk_m3_black_20_mm_length_hex_head,job-clip-fiber-frog-access-entry-exotic-lonely-chalk-organ,BLA,b,[],"['rocket', 'parking', 'guitar']",bla,"job
clip
fiber
frog
access
entry
exotic
lonely",CS3B20H,https://github.com/oomlout/oomlout_oomp_version_1_messy/tree/main/parts/hardware_screw_countersunk_m3_black_20_mm_length_hex_head,HAR,Black,job<br>clip<br>fiber<br>frog<br>access<br>entry<br>exotic<br>lonely,0.0415,,hardwa,HARDW,job clip,hardware_screw_countersunk_m3_black_20_mm_length_hex_head,B20,2,e5f,0.65,jobclipfiberfrogaccessentryexoticlonelychalkorganyardatom,job clip fiber frog access entry exotic lonely,hardw,0.0185,B,BLAC,amazon,Screw Countersunk,black,rocket parking guitar,20MML,job clip fiber frog access,he,job_clip_fiber,job-clip-fiber-frog-access-entry-exotic,E5FDA7,jobclipfiber,BLACK,job clip fiber,0.65,jobclipfiberfrogaccessentryexoticlonelychalkorganyard,0.0415,job_clip_fiber_frog_access_entry_exotic_lonely_chalk,46.75,20_mm_length_hex_head,0.023,"job
clip
fiber",hexhe,2,job-clip-fiber-frog-access-entry-exotic-lonely,job clip fiber frog,e5fda7192f,b,Black 20 mm Length Hex Head,5050420696821,1151M390020,job<br>clip<br>fiber<br>frog<br>access<br>entry<br>exotic<br>lonely<br>chalk<br>organ,H,20_MM_LENGTH,hex_he,h,HARD,job<br>clip<br>fiber<br>frog<br>access<br>entry,"job
clip
fiber
frog
access
entry
exotic
lonely
chalk
organ",black,,hexh,orbital_fasteners,2,H,hex_h,scre,0.0415,20,job-clip-fiber-frog,H,M3,e5fda7192f83aa012e80a5d2ab4ad3c0,job-clip-fiber-frog-access-entry-exotic-lonely-chalk-organ-yard-atom,SCREWC,0.0415,HEXH,50,job_clip_fiber_frog_access,screwc,Countersunk,jobclipfiberfrogaccess,2,hardware,E5F,0.04,hard,black,job clip fiber frog access entry exotic lonely chalk organ yard,HARDWARE,sc,20,job,blac,20mml,job,http://192.168.1.242:1112/?label=oomp%208z25j,20_MM_,job,m3,M3,job-clip-fiber-frog-access-entry,HARD,bl,ha,job,parts/hardware_screw_countersunk_m3_black_20_mm_length_hex_head,HAR,,Hex Head,0.023,0.04,,http://192.168.1.108:1112/?label=oomp%208z25j,,M,0.04,20M,BLACK,https://www.orbitalfasteners.co.uk/products/m3-x-20-socket-screw-countersunk-high-tensile-grade-10-9-self-colour-din-7991,blac,SSK-M3-20-10.9,20mmle,hex,m3,jobclipfiberfrog,e5fda7,sc,Black 20 Mm Length Hex Head,HARDWA,M3,m3,0.935,b,M3,https://github.com/oomlout/oomlout_oomp_version_1_messy/tree/main/parts/hardware_screw_countersunk_m3_black_20_mm_length_hex_head,job clip fiber frog access entry exotic lonely chalk organ yard atom,HE,job_clip_fiber_frog_access_entry_exotic_lonely,SCR,hex_head,job<br>clip<br>fiber<br>frog,E5FDA7192F,job<br>clip<br>fiber,s,m3,https://www.harclob2b.com/m3-x-20-socket-csk-screw-gr10-9-self-colour-din-79-1151m390020,1901050,0.023,"job
clip
fiber
frog
access
entry
exotic
lonely
chalk",SCRE,True,BL,20,hex,CS3B20H,e5fda,20 mm Length,0.0185,SCREW,SCREW,B,https://www.harclob2b.com/m3-x-20-socket-csk-screw-gr10-9-self-colour-din-79-1151m390020,Black,0.04,BLAC,:rocket: :parking: :guitar:,3,20_mm_,0.0185,"job
clip
fiber
frog
access
entry
exotic",Screw Countersunk M3 Black 20 mm Length Hex Head,BLAC,hardware,,B,4800,,Hardware Screw Countersunk M3 Black 20 mm Length Hex Head,bl,head_type_diagram.png,m3,HEX_,job_clip_fiber_frog_access_entry_exotic_lonely_chalk_organ_yard_atom,har,,S,[hardware_screw_countersunk_m3_black_20_mm_length_hex_head](none)<br>[cs3b20h](none)<br>[Hardware Screw Countersunk M3 Black 20 Mm Length Hex Head](none)<br><br>,0.04,h,HARD,0.0185,"job
clip
fiber
frog
access
entry",20LE,h,"job
clip
fiber
frog
access",0.04,har,oomp_hardware_screw_countersunk_m3_black_20_mm_length_hex_head,SC,m3,Hex Head,SCOUNTERSUNK,screw,https://github.com/oomlout/oomlout_oomp_version_1_messy/tree/main/parts/hardware_screw_countersunk_m3_black_20_mm_length_hex_head,HEX,job,0.0415,[],8z25j,HEX_H,accu,h,20_mm,20_MM_LENGTH,job<br>clip<br>fiber<br>frog<br>access<br>entry<br>exotic<br>lonely<br>chalk<br>organ<br>yard<br>atom,25,H,0.04,job<br>clip<br>fiber<br>frog<br>access<br>entry<br>exotic<br>lonely<br>chalk,BLACK,20_M,jobclipfiberfrogaccessentryexotic,5J,20,job-clip-fiber-frog-access,black,M3 x 20 Socket Csk Screw Gr10.9 Self Colour DIN 7991 165,http://192.168.1.245:1112/?label=oomp%208z25j,"['job', 'clip', 'fiber', 'frog', 'access', 'entry', 'exotic', 'lonely', 'chalk', 'organ', 'yard', 'atom']",link_github,M,orbital_fasteners,20m,20_mm_length,M3,hex_head,HEX_HEAD,s,SCR,BLA,8Z2,job<br>clip<br>fiber<br>frog<br>access,jobclipfiberfrogaccessentryexoticlonelychalk,ha,"job
clip
fiber
frog",jobclip,hardware_screw_countersunk_m3_black_20_mm_length_hex_head,bla,m3,7318156890,M3,job,hexhea,http://192.168.1.55:1112/?label=oomp%208z25j,HEX_,link_main,https://github.com/oomlout/oomlout_oomp_version_1_messy/tree/main/parts/hardware_screw_countersunk_m3_black_20_mm_length_hex_head,m,HEX,"job
clip
fiber
frog
access
entry
exotic
lonely
chalk
organ
yard",20,Hex Head,SCOU,,SSK-M3-20-10.9+-zinc,m3,200,0.0185,BLACK,M3,M3 Black 20 mm Length Hex Head,200,job_clip_fiber_frog_access_entry_exotic,20_mm_length,M3,20,HEXHEA,hardw,jobclipfiberfrogaccessentry,m,BLACK,20_,job<br>clip,Hardware,he,m3,S,aliexpress,m3,scountersunk,Countersunk M3X20 mm Black (Hex Head),https://github.com/oomlout/oomlout_oomp_part_src/tree/main/parts/hardware_screw_countersunk_m3_black_20_mm_length_hex_head,0.0415,job_clip_fiber_frog_access_entry_exotic_lonely_chalk_organ,,hex_,m3_black_20_mm_length_hex_head,HARDWARE,jobclipfiberfrogaccessentryexoticlonelychalkorgan,"job
clip
fiber
frog
access
entry
exotic
lonely
chalk
organ
yard
atom",[hardware_screw_countersunk_m3_black_20_mm_length_hex_head](none)<br><br>,"[':rocket:', ':parking:', ':guitar:']",hard,H,job<br>clip<br>fiber<br>frog<br>access<br>entry<br>exotic,8z2,job-clip-fiber,hardwa,E5FDA,orbital_fasteners,da7,M3,3,M3,black,5j,black,HEX_HE,Hardware,SCREW_COUNTERSUNK,job_clip_fiber_frog,20 mm Length,black_20_mm_length_hex_head,HA,20 mm,h,"job
clip",HEXHE,M3,HE,20MM,20MMLE,job clip fiber frog access entry exotic lonely chalk,screw_,job<br>clip<br>fiber<br>frog<br>access<br>entry<br>exotic<br>lonely<br>chalk<br>organ<br>yard,scr,screw_countersunk,scr,DA7,job clip fiber frog access entry exotic,20mm,2,SCRE,SC,h,0.04,job-clip-fiber-frog-access-entry-exotic-lonely-chalk-organ-yard,job-clip,M3,,job_clip_fiber_frog_access_entry,,job clip fiber frog access entry exotic lonely chalk organ,BLACK,BL,m3,2,cs3b20h,HARDW,cs3b20h,webpage_manufacturer_metalmate,HARDWA,20_m,HEX_HEAD,False,job-clip-fiber-frog-access-entry-exotic-lonely-chalk
hardware_screw_countersunk_m3_black_25_mm_length_hex_head,s,https://github.com/oomlout/oomlout_oomp_version_1_messy/tree/main/parts/hardware_screw_countersunk_m3_black_25_mm_length_hex_head,M3,Screw Countersunk,M,0.0188,segment_spare_cause_hungry_gorilla_nerve_gym_session_friend_ribbon_such,25_,0.0235,M3,m3,SCREW_,,m,scre,25_MM,https://www.orbitalfasteners.co.uk/products/m3-x-25-socket-screw-countersunk-high-tensile-grade-10-9-self-colour-din-7991,M3,B25,S,segment_spare,Black,segment spare cause hungry gorilla nerve,,25 mm Length Hex Head,25,screw,M3,11.69,segmentsparecausehungrygorillanervegymsession,HA,https://www.accu.co.uk/countersunk-socket-head-screws/472020-SSK-M3-25-10-9,H,type_diagram.png,5ONAM,screw_countersunk_m3_black_25_mm_length_hex_head,segment-spare-cause-hungry-gorilla-nerve-gym-session-friend-ribbon,BLA,b,[],"['pushpin', 'crown', 'ambulance']",bla,"segment
spare
cause
hungry
gorilla
nerve
gym
session",CS3B25H,https://github.com/oomlout/oomlout_oomp_version_1_messy/tree/main/parts/hardware_screw_countersunk_m3_black_25_mm_length_hex_head,HAR,Black,segment<br>spare<br>cause<br>hungry<br>gorilla<br>nerve<br>gym<br>session,0.0424,,hardwa,HARDW,segment spare,hardware_screw_countersunk_m3_black_25_mm_length_hex_head,B25,2,91b,0.71,segmentsparecausehungrygorillanervegymsessionfriendribbonsuchanimal,segment spare cause hungry gorilla nerve gym session,hardw,0.0188,B,BLAC,amazon,Screw Countersunk,black,pushpin crown ambulance,25MML,segment spare cause hungry gorilla,he,segment_spare_cause,segment-spare-cause-hungry-gorilla-nerve-gym,91B0EE,segmentsparecause,BLACK,segment spare cause,0.71,segmentsparecausehungrygorillanervegymsessionfriendribbonsuch,0.0424,segment_spare_cause_hungry_gorilla_nerve_gym_session_friend,46.76,25_mm_length_hex_head,0.0235,"segment
spare
cause",hexhe,2,segment-spare-cause-hungry-gorilla-nerve-gym-session,segment spare cause hungry,91b0ee42e7,b,Black 25 mm Length Hex Head,5050420669078,1151M390025,segment<br>spare<br>cause<br>hungry<br>gorilla<br>nerve<br>gym<br>session<br>friend<br>ribbon,H,25_MM_LENGTH,hex_he,h,HARD,segment<br>spare<br>cause<br>hungry<br>gorilla<br>nerve,"segment
spare
cause
hungry
gorilla
nerve
gym
session
friend
ribbon",black,,hexh,orbital_fasteners,2,H,hex_h,scre,0.0424,25,segment-spare-cause-hungry,H,M3,91b0ee42e7c44d0251b256f449341e19,segment-spare-cause-hungry-gorilla-nerve-gym-session-friend-ribbon-such-animal,SCREWC,0.0424,HEXH,40,segment_spare_cause_hungry_gorilla,screwc,Countersunk,segmentsparecausehungrygorilla,2,hardware,91B,0.07,hard,black,segment spare cause hungry gorilla nerve gym session friend ribbon such,HARDWARE,sc,25,segment,blac,25mml,segment,http://192.168.1.242:1112/?label=oomp%205onam,25_MM_,segment,m3,M3,segment-spare-cause-hungry-gorilla-nerve,HARD,bl,ha,segment,parts/hardware_screw_countersunk_m3_black_25_mm_length_hex_head,HAR,,Hex Head,0.0235,0.07,,http://192.168.1.108:1112/?label=oomp%205onam,,M,0.07,25M,BLACK,https://www.orbitalfasteners.co.uk/products/m3-x-25-socket-screw-countersunk-high-tensile-grade-10-9-self-colour-din-7991,blac,SSK-M3-25-10.9,25mmle,hex,m3,segmentsparecausehungry,91b0ee,sc,Black 25 Mm Length Hex Head,HARDWA,M3,m3,1.169,b,M3,https://github.com/oomlout/oomlout_oomp_version_1_messy/tree/main/parts/hardware_screw_countersunk_m3_black_25_mm_length_hex_head,segment spare cause hungry gorilla nerve gym session friend ribbon such animal,HE,segment_spare_cause_hungry_gorilla_nerve_gym_session,SCR,hex_head,segment<br>spare<br>cause<br>hungry,91B0EE42E7,segment<br>spare<br>cause,s,m3,https://www.harclob2b.com/m3-x-25-socket-csk-screw-gr10-9-self-colour-din-79-1151m390025,1901051,0.0235,"segment
spare
cause
hungry
gorilla
nerve
gym
session
friend",SCRE,True,BL,25,hex,CS3B25H,91b0e,25 mm Length,0.0188,SCREW,SCREW,B,https://www.harclob2b.com/m3-x-25-socket-csk-screw-gr10-9-self-colour-din-79-1151m390025,Black,0.07,BLAC,:pushpin: :crown: :ambulance:,3,25_mm_,0.0188,"segment
spare
cause
hungry
gorilla
nerve
gym",Screw Countersunk M3 Black 25 mm Length Hex Head,BLAC,hardware,,B,4800,,Hardware Screw Countersunk M3 Black 25 mm Length Hex Head,bl,head_type_diagram.png,m3,HEX_,segment_spare_cause_hungry_gorilla_nerve_gym_session_friend_ribbon_such_animal,har,,S,[hardware_screw_countersunk_m3_black_25_mm_length_hex_head](none)<br>[cs3b25h](none)<br>[Hardware Screw Countersunk M3 Black 25 Mm Length Hex Head](none)<br><br>,0.09,h,HARD,0.0188,"segment
spare
cause
hungry
gorilla
nerve",25LE,h,"segment
spare
cause
hungry
gorilla",0.09,har,oomp_hardware_screw_countersunk_m3_black_25_mm_length_hex_head,SC,m3,Hex Head,SCOUNTERSUNK,screw,https://github.com/oomlout/oomlout_oomp_version_1_messy/tree/main/parts/hardware_screw_countersunk_m3_black_25_mm_length_hex_head,HEX,segment,0.0424,[],5onam,HEX_H,accu,h,25_mm,25_MM_LENGTH,segment<br>spare<br>cause<br>hungry<br>gorilla<br>nerve<br>gym<br>session<br>friend<br>ribbon<br>such<br>animal,20,H,0.09,segment<br>spare<br>cause<br>hungry<br>gorilla<br>nerve<br>gym<br>session<br>friend,BLACK,25_M,segmentsparecausehungrygorillanervegym,AM,25,segment-spare-cause-hungry-gorilla,black,M3 x 25 Socket Csk Screw Gr10.9 Self Colour DIN 7991 165,http://192.168.1.245:1112/?label=oomp%205onam,"['segment', 'spare', 'cause', 'hungry', 'gorilla', 'nerve', 'gym', 'session', 'friend', 'ribbon', 'such', 'animal']",link_github,M,orbital_fasteners,25m,25_mm_length,M3,hex_head,HEX_HEAD,s,SCR,BLA,5ON,segment<br>spare<br>cause<br>hungry<br>gorilla,segmentsparecausehungrygorillanervegymsessionfriend,ha,"segment
spare
cause
hungry",segmentspare,hardware_screw_countersunk_m3_black_25_mm_length_hex_head,bla,m3,7318156890,M3,segment,hexhea,http://192.168.1.55:1112/?label=oomp%205onam,HEX_,link_main,https://github.com/oomlout/oomlout_oomp_version_1_messy/tree/main/parts/hardware_screw_countersunk_m3_black_25_mm_length_hex_head,m,HEX,"segment
spare
cause
hungry
gorilla
nerve
gym
session
friend
ribbon
such",25,Hex Head,SCOU,,SSK-M3-25-10.9+-zinc,m3,200,0.0188,BLACK,M3,M3 Black 25 mm Length Hex Head,200,segment_spare_cause_hungry_gorilla_nerve_gym,25_mm_length,M3,25,HEXHEA,hardw,segmentsparecausehungrygorillanerve,m,BLACK,25_,segment<br>spare,Hardware,he,m3,S,aliexpress,m3,scountersunk,Countersunk M3X25 mm Black (Hex Head),https://github.com/oomlout/oomlout_oomp_part_src/tree/main/parts/hardware_screw_countersunk_m3_black_25_mm_length_hex_head,0.0424,segment_spare_cause_hungry_gorilla_nerve_gym_session_friend_ribbon,,hex_,m3_black_25_mm_length_hex_head,HARDWARE,segmentsparecausehungrygorillanervegymsessionfriendribbon,"segment
spare
cause
hungry
gorilla
nerve
gym
session
friend
ribbon
such
animal",[hardware_screw_countersunk_m3_black_25_mm_length_hex_head](none)<br><br>,"[':pushpin:', ':crown:', ':ambulance:']",hard,H,segment<br>spare<br>cause<br>hungry<br>gorilla<br>nerve<br>gym,5on,segment-spare-cause,hardwa,91B0E,orbital_fasteners,0ee,M3,3,M3,black,am,black,HEX_HE,Hardware,SCREW_COUNTERSUNK,segment_spare_cause_hungry,25 mm Length,black_25_mm_length_hex_head,HA,25 mm,h,"segment
spare",HEXHE,M3,HE,25MM,25MMLE,segment spare cause hungry gorilla nerve gym session friend,screw_,segment<br>spare<br>cause<br>hungry<br>gorilla<br>nerve<br>gym<br>session<br>friend<br>ribbon<br>such,scr,screw_countersunk,scr,0EE,segment spare cause hungry gorilla nerve gym,25mm,2,SCRE,SC,h,0.09,segment-spare-cause-hungry-gorilla-nerve-gym-session-friend-ribbon-such,segment-spare,M3,,segment_spare_cause_hungry_gorilla_nerve,,segment spare cause hungry gorilla nerve gym session friend ribbon,BLACK,BL,m3,2,cs3b25h,HARDW,cs3b25h,webpage_manufacturer_metalmate,HARDWA,25_m,HEX_HEAD,False,segment-spare-cause-hungry-gorilla-nerve-gym-session-friend
hardware_screw_countersunk_m3_black_30_mm_length_hex_head,s,https://github.com/oomlout/oomlout_oomp_version_1_messy/tree/main/parts/hardware_screw_countersunk_m3_black_30_mm_length_hex_head,M3,Screw Countersunk,M,0.0215,purse_advice_glue_dignity_nest_delay_trim_shy_common_symbol_dentist,30_,0.0269,M3,m3,SCREW_,,m,scre,30_MM,https://www.orbitalfasteners.co.uk/products/m3-x-30-socket-screw-countersunk-high-tensile-grade-10-9-self-colour-din-7991,M3,B30,S,purse_advice,Black,purse advice glue dignity nest delay,,30 mm Length Hex Head,30,screw,M3,,purseadvicegluedignitynestdelaytrimshy,HA,https://www.accu.co.uk/countersunk-socket-head-screws/495077-SSK-M3-30-10-9,H,type_diagram.png,24HTJ,screw_countersunk_m3_black_30_mm_length_hex_head,purse-advice-glue-dignity-nest-delay-trim-shy-common-symbol,BLA,b,[],"['rabbit', 'ghost', 'wolf']",bla,"purse
advice
glue
dignity
nest
delay
trim
shy",CS3B30H,https://github.com/oomlout/oomlout_oomp_version_1_messy/tree/main/parts/hardware_screw_countersunk_m3_black_30_mm_length_hex_head,HAR,Black,purse<br>advice<br>glue<br>dignity<br>nest<br>delay<br>trim<br>shy,0.0484,,hardwa,HARDW,purse advice,hardware_screw_countersunk_m3_black_30_mm_length_hex_head,B30,3,367,0.67,purseadvicegluedignitynestdelaytrimshycommonsymboldentistaddress,purse advice glue dignity nest delay trim shy,hardw,0.0215,B,BLAC,amazon,Screw Countersunk,black,rabbit ghost wolf,30MML,purse advice glue dignity nest,he,purse_advice_glue,purse-advice-glue-dignity-nest-delay-trim,367537,purseadviceglue,BLACK,purse advice glue,0.67,purseadvicegluedignitynestdelaytrimshycommonsymboldentist,0.0484,purse_advice_glue_dignity_nest_delay_trim_shy_common,,30_mm_length_hex_head,0.0269,"purse
advice
glue",hexhe,3,purse-advice-glue-dignity-nest-delay-trim-shy,purse advice glue dignity,3675371973,b,Black 30 mm Length Hex Head,,1151M390030,purse<br>advice<br>glue<br>dignity<br>nest<br>delay<br>trim<br>shy<br>common<br>symbol,H,30_MM_LENGTH,hex_he,h,HARD,purse<br>advice<br>glue<br>dignity<br>nest<br>delay,"purse
advice
glue
dignity
nest
delay
trim
shy
common
symbol",black,,hexh,orbital_fasteners,3,H,hex_h,scre,0.0484,30,purse-advice-glue-dignity,H,M3,3675371973c79d14e7ca43e0c7c10574,purse-advice-glue-dignity-nest-delay-trim-shy-common-symbol-dentist-address,SCREWC,0.0484,HEXH,,purse_advice_glue_dignity_nest,screwc,Countersunk,purseadvicegluedignitynest,3,hardware,367,0.04,hard,black,purse advice glue dignity nest delay trim shy common symbol dentist,HARDWARE,sc,30,purse,blac,30mml,purse,http://192.168.1.242:1112/?label=oomp%2024htj,30_MM_,purse,m3,M3,purse-advice-glue-dignity-nest-delay,HARD,bl,ha,purse,parts/hardware_screw_countersunk_m3_black_30_mm_length_hex_head,HAR,,Hex Head,0.0269,0.04,,http://192.168.1.108:1112/?label=oomp%2024htj,,M,0.04,30M,BLACK,https://www.orbitalfasteners.co.uk/products/m3-x-30-socket-screw-countersunk-high-tensile-grade-10-9-self-colour-din-7991,blac,SSK-M3-30-10.9,30mmle,hex,m3,purseadvicegluedignity,367537,sc,Black 30 Mm Length Hex Head,HARDWA,M3,m3,,b,M3,https://github.com/oomlout/oomlout_oomp_version_1_messy/tree/main/parts/hardware_screw_countersunk_m3_black_30_mm_length_hex_head,purse advice glue dignity nest delay trim shy common symbol dentist address,HE,purse_advice_glue_dignity_nest_delay_trim_shy,SCR,hex_head,purse<br>advice<br>glue<br>dignity,3675371973,purse<br>advice<br>glue,s,m3,,1901052,0.0269,"purse
advice
glue
dignity
nest
delay
trim
shy
common",SCRE,True,BL,30,hex,CS3B30H,36753,30 mm Length,0.0215,SCREW,SCREW,B,,Black,0.04,BLAC,:rabbit: :ghost: :wolf:,3,30_mm_,0.0215,"purse
advice
glue
dignity
nest
delay
trim",Screw Countersunk M3 Black 30 mm Length Hex Head,BLAC,hardware,,B,,,Hardware Screw Countersunk M3 Black 30 mm Length Hex Head,bl,head_type_diagram.png,m3,HEX_,purse_advice_glue_dignity_nest_delay_trim_shy_common_symbol_dentist_address,har,,S,[hardware_screw_countersunk_m3_black_30_mm_length_hex_head](none)<br>[cs3b30h](none)<br>[Hardware Screw Countersunk M3 Black 30 Mm Length Hex Head](none)<br><br>,0.06,h,HARD,0.0215,"purse
advice
glue
dignity
nest
delay",30LE,h,"purse
advice
glue
dignity
nest",0.06,har,oomp_hardware_screw_countersunk_m3_black_30_mm_length_hex_head,SC,m3,Hex Head,SCOUNTERSUNK,screw,https://github.com/oomlout/oomlout_oomp_version_1_messy/tree/main/parts/hardware_screw_countersunk_m3_black_30_mm_length_hex_head,HEX,purse,0.0484,[],24htj,HEX_H,accu,h,30_mm,30_MM_LENGTH,purse<br>advice<br>glue<br>dignity<br>nest<br>delay<br>trim<br>shy<br>common<br>symbol<br>dentist<br>address,,H,0.06,purse<br>advice<br>glue<br>dignity<br>nest<br>delay<br>trim<br>shy<br>common,BLACK,30_M,purseadvicegluedignitynestdelaytrim,TJ,30,purse-advice-glue-dignity-nest,black,,http://192.168.1.245:1112/?label=oomp%2024htj,"['purse', 'advice', 'glue', 'dignity', 'nest', 'delay', 'trim', 'shy', 'common', 'symbol', 'dentist', 'address']",link_github,M,orbital_fasteners,30m,30_mm_length,M3,hex_head,HEX_HEAD,s,SCR,BLA,24H,purse<br>advice<br>glue<br>dignity<br>nest,purseadvicegluedignitynestdelaytrimshycommon,ha,"purse
advice
glue
dignity",purseadvice,hardware_screw_countersunk_m3_black_30_mm_length_hex_head,bla,m3,,M3,purse,hexhea,http://192.168.1.55:1112/?label=oomp%2024htj,HEX_,link_main,https://github.com/oomlout/oomlout_oomp_version_1_messy/tree/main/parts/hardware_screw_countersunk_m3_black_30_mm_length_hex_head,m,HEX,"purse
advice
glue
dignity
nest
delay
trim
shy
common
symbol
dentist",30,Hex Head,SCOU,,SSK-M3-30-10.9+-zinc,m3,200,0.0215,BLACK,M3,M3 Black 30 mm Length Hex Head,,purse_advice_glue_dignity_nest_delay_trim,30_mm_length,M3,30,HEXHEA,hardw,purseadvicegluedignitynestdelay,m,BLACK,30_,purse<br>advice,Hardware,he,m3,S,aliexpress,m3,scountersunk,Countersunk M3X30 mm Black (Hex Head),https://github.com/oomlout/oomlout_oomp_part_src/tree/main/parts/hardware_screw_countersunk_m3_black_30_mm_length_hex_head,0.0484,purse_advice_glue_dignity_nest_delay_trim_shy_common_symbol,,hex_,m3_black_30_mm_length_hex_head,HARDWARE,purseadvicegluedignitynestdelaytrimshycommonsymbol,"purse
advice
glue
dignity
nest
delay
trim
shy
common
symbol
dentist
address",[hardware_screw_countersunk_m3_black_30_mm_length_hex_head](none)<br><br>,"[':rabbit:', ':ghost:', ':wolf:']",hard,H,purse<br>advice<br>glue<br>dignity<br>nest<br>delay<br>trim,24h,purse-advice-glue,hardwa,36753,orbital_fasteners,537,M3,3,M3,black,tj,black,HEX_HE,Hardware,SCREW_COUNTERSUNK,purse_advice_glue_dignity,30 mm Length,black_30_mm_length_hex_head,HA,30 mm,h,"purse
advice",HEXHE,M3,HE,30MM,30MMLE,purse advice glue dignity nest delay trim shy common,screw_,purse<br>advice<br>glue<br>dignity<br>nest<br>delay<br>trim<br>shy<br>common<br>symbol<br>dentist,scr,screw_countersunk,scr,537,purse advice glue dignity nest delay trim,30mm,3,SCRE,SC,h,0.06,purse-advice-glue-dignity-nest-delay-trim-shy-common-symbol-dentist,purse-advice,M3,,purse_advice_glue_dignity_nest_delay,,purse advice glue dignity nest delay trim shy common symbol,BLACK,BL,m3,3,cs3b30h,HARDW,cs3b30h,,HARDWA,30_m,HEX_HEAD,False,purse-advice-glue-dignity-nest-delay-trim-shy-common
hardware_screw_countersunk_m3_black_35_mm_length_hex_head,s,https://github.com/oomlout/oomlout_oomp_version_1_messy/tree/main/parts/hardware_screw_countersunk_m3_black_35_mm_length_hex_head,M3,Screw Countersunk,M,0.0516,abstract_physical_mean_short_gesture_fetch_shadow_know_slot_come_rigid,35_,0.0646,M3,m3,SCREW_,,m,scre,35_MM,https://www.orbitalfasteners.co.uk/products/m3-x-35-socket-screw-countersunk-high-tensile-grade-10-9-self-colour-din-7991,M3,B35,S,abstract_physical,Black,abstract physical mean short gesture fetch,,35 mm Length Hex Head,35,screw,M3,,abstractphysicalmeanshortgesturefetchshadowknow,HA,https://www.accu.co.uk/countersunk-socket-head-screws/5432-SSK-M3-35-A2,H,type_diagram.png,1DSQZ,screw_countersunk_m3_black_35_mm_length_hex_head,abstract-physical-mean-short-gesture-fetch-shadow-know-slot-come,BLA,b,[],"['kiss', 'flags', 'grapes']",bla,"abstract
physical
mean
short
gesture
fetch
shadow
know",CS3B35H,https://github.com/oomlout/oomlout_oomp_version_1_messy/tree/main/parts/hardware_screw_countersunk_m3_black_35_mm_length_hex_head,HAR,Black,abstract<br>physical<br>mean<br>short<br>gesture<br>fetch<br>shadow<br>know,0.1162,,hardwa,HARDW,abstract physical,hardware_screw_countersunk_m3_black_35_mm_length_hex_head,B35,3,237,0.76,abstractphysicalmeanshortgesturefetchshadowknowslotcomerigidacquire,abstract physical mean short gesture fetch shadow know,hardw,0.0516,B,BLAC,amazon,Screw Countersunk,black,kiss flags grapes,35MML,abstract physical mean short gesture,he,abstract_physical_mean,abstract-physical-mean-short-gesture-fetch-shadow,2373CB,abstractphysicalmean,BLACK,abstract physical mean,0.76,abstractphysicalmeanshortgesturefetchshadowknowslotcomerigid,0.1162,abstract_physical_mean_short_gesture_fetch_shadow_know_slot,,35_mm_length_hex_head,0.0646,"abstract
physical
mean",hexhe,3,abstract-physical-mean-short-gesture-fetch-shadow-know,abstract physical mean short,2373cb8660,b,Black 35 mm Length Hex Head,,1151M390035,abstract<br>physical<br>mean<br>short<br>gesture<br>fetch<br>shadow<br>know<br>slot<br>come,H,35_MM_LENGTH,hex_he,h,HARD,abstract<br>physical<br>mean<br>short<br>gesture<br>fetch,"abstract
physical
mean
short
gesture
fetch
shadow
know
slot
come",black,,hexh,orbital_fasteners,3,H,hex_h,scre,0.1162,35,abstract-physical-mean-short,H,M3,2373cb86607bf8995530bc6d13a8f807,abstract-physical-mean-short-gesture-fetch-shadow-know-slot-come-rigid-acquire,SCREWC,0.1162,HEXH,,abstract_physical_mean_short_gesture,screwc,Countersunk,abstractphysicalmeanshortgesture,3,hardware,237,0.12,hard,black,abstract physical mean short gesture fetch shadow know slot come rigid,HARDWARE,sc,35,abstract,blac,35mml,abstract,http://192.168.1.242:1112/?label=oomp%201dsqz,35_MM_,abstract,m3,M3,abstract-physical-mean-short-gesture-fetch,HARD,bl,ha,abstract,parts/hardware_screw_countersunk_m3_black_35_mm_length_hex_head,HAR,,Hex Head,0.0646,0.12,,http://192.168.1.108:1112/?label=oomp%201dsqz,,M,0.12,35M,BLACK,https://www.orbitalfasteners.co.uk/products/m3-x-35-socket-screw-countersunk-high-tensile-grade-10-9-self-colour-din-7991,blac,SSK-M3-35-10.9,35mmle,hex,m3,abstractphysicalmeanshort,2373cb,sc,Black 35 Mm Length Hex Head,HARDWA,M3,m3,,b,M3,https://github.com/oomlout/oomlout_oomp_version_1_messy/tree/main/parts/hardware_screw_countersunk_m3_black_35_mm_length_hex_head,abstract physical mean short gesture fetch shadow know slot come rigid acquire,HE,abstract_physical_mean_short_gesture_fetch_shadow_know,SCR,hex_head,abstract<br>physical<br>mean<br>short,2373CB8660,abstract<br>physical<br>mean,s,m3,,1901054,0.0646,"abstract
physical
mean
short
gesture
fetch
shadow
know
slot",SCRE,True,BL,35,hex,CS3B35H,2373c,35 mm Length,0.0516,SCREW,SCREW,B,,Black,0.12,BLAC,:kiss: :flags: :grapes:,3,35_mm_,0.0516,"abstract
physical
mean
short
gesture
fetch
shadow",Screw Countersunk M3 Black 35 mm Length Hex Head,BLAC,hardware,,B,,,Hardware Screw Countersunk M3 Black 35 mm Length Hex Head,bl,head_type_diagram.png,m3,HEX_,abstract_physical_mean_short_gesture_fetch_shadow_know_slot_come_rigid_acquire,har,,S,[hardware_screw_countersunk_m3_black_35_mm_length_hex_head](none)<br>[cs3b35h](none)<br>[Hardware Screw Countersunk M3 Black 35 Mm Length Hex Head](none)<br><br>,0.12,h,HARD,0.0516,"abstract
physical
mean
short
gesture
fetch",35LE,h,"abstract
physical
mean
short
gesture",0.12,har,oomp_hardware_screw_countersunk_m3_black_35_mm_length_hex_head,SC,m3,Hex Head,SCOUNTERSUNK,screw,https://github.com/oomlout/oomlout_oomp_version_1_messy/tree/main/parts/hardware_screw_countersunk_m3_black_35_mm_length_hex_head,HEX,abstract,0.1162,[],1dsqz,HEX_H,accu,h,35_mm,35_MM_LENGTH,abstract<br>physical<br>mean<br>short<br>gesture<br>fetch<br>shadow<br>know<br>slot<br>come<br>rigid<br>acquire,,H,0.12,abstract<br>physical<br>mean<br>short<br>gesture<br>fetch<br>shadow<br>know<br>slot,BLACK,35_M,abstractphysicalmeanshortgesturefetchshadow,QZ,35,abstract-physical-mean-short-gesture,black,,http://192.168.1.245:1112/?label=oomp%201dsqz,"['abstract', 'physical', 'mean', 'short', 'gesture', 'fetch', 'shadow', 'know', 'slot', 'come', 'rigid', 'acquire']",link_github,M,orbital_fasteners,35m,35_mm_length,M3,hex_head,HEX_HEAD,s,SCR,BLA,1DS,abstract<br>physical<br>mean<br>short<br>gesture,abstractphysicalmeanshortgesturefetchshadowknowslot,ha,"abstract
physical
mean
short",abstractphysical,hardware_screw_countersunk_m3_black_35_mm_length_hex_head,bla,m3,,M3,abstract,hexhea,http://192.168.1.55:1112/?label=oomp%201dsqz,HEX_,link_main,https://github.com/oomlout/oomlout_oomp_version_1_messy/tree/main/parts/hardware_screw_countersunk_m3_black_35_mm_length_hex_head,m,HEX,"abstract
physical
mean
short
gesture
fetch
shadow
know
slot
come
rigid",35,Hex Head,SCOU,,SSK-M3-35-10.9+-zinc,m3,200,0.0516,BLACK,M3,M3 Black 35 mm Length Hex Head,,abstract_physical_mean_short_gesture_fetch_shadow,35_mm_length,M3,35,HEXHEA,hardw,abstractphysicalmeanshortgesturefetch,m,BLACK,35_,abstract<br>physical,Hardware,he,m3,S,aliexpress,m3,scountersunk,Countersunk M3X35 mm Black (Hex Head),https://github.com/oomlout/oomlout_oomp_part_src/tree/main/parts/hardware_screw_countersunk_m3_black_35_mm_length_hex_head,0.1162,abstract_physical_mean_short_gesture_fetch_shadow_know_slot_come,,hex_,m3_black_35_mm_length_hex_head,HARDWARE,abstractphysicalmeanshortgesturefetchshadowknowslotcome,"abstract
physical
mean
short
gesture
fetch
shadow
know
slot
come
rigid
acquire",[hardware_screw_countersunk_m3_black_35_mm_length_hex_head](none)<br><br>,"[':kiss:', ':flags:', ':grapes:']",hard,H,abstract<br>physical<br>mean<br>short<br>gesture<br>fetch<br>shadow,1ds,abstract-physical-mean,hardwa,2373C,orbital_fasteners,3cb,M3,3,M3,black,qz,black,HEX_HE,Hardware,SCREW_COUNTERSUNK,abstract_physical_mean_short,35 mm Length,black_35_mm_length_hex_head,HA,35 mm,h,"abstract
physical",HEXHE,M3,HE,35MM,35MMLE,abstract physical mean short gesture fetch shadow know slot,screw_,abstract<br>physical<br>mean<br>short<br>gesture<br>fetch<br>shadow<br>know<br>slot<br>come<br>rigid,scr,screw_countersunk,scr,3CB,abstract physical mean short gesture fetch shadow,35mm,3,SCRE,SC,h,0.12,abstract-physical-mean-short-gesture-fetch-shadow-know-slot-come-rigid,abstract-physical,M3,,abstract_physical_mean_short_gesture_fetch,,abstract physical mean short gesture fetch shadow know slot come,BLACK,BL,m3,3,cs3b35h,HARDW,cs3b35h,,HARDWA,35_m,HEX_HEAD,False,abstract-physical-mean-short-gesture-fetch-shadow-know-slot
hardware_screw_countersunk_m3_black_4_mm_length_hex_head,s,https://github.com/oomlout/oomlout_oomp_version_1_messy/tree/main/parts/hardware_screw_countersunk_m3_black_4_mm_length_hex_head,M3,Screw Countersunk,M,,leisure_require_tackle_betray_diagram_fork_neutral_vacuum_retire_crunch_soccer,4_M,,M3,m3,SCREW_,,m,scre,4_MM_,,M3,B4,S,leisure_require,Black,leisure require tackle betray diagram fork,,4 mm Length Hex Head,4,screw,M3,,leisurerequiretacklebetraydiagramforkneutralvacuum,HA,,H,type_diagram.png,1GTQL,screw_countersunk_m3_black_4_mm_length_hex_head,leisure-require-tackle-betray-diagram-fork-neutral-vacuum-retire-crunch,BLA,b,[],"['ear', 'ski', 'scroll']",bla,"leisure
require
tackle
betray
diagram
fork
neutral
vacuum",CS3B4H,https://github.com/oomlout/oomlout_oomp_version_1_messy/tree/main/parts/hardware_screw_countersunk_m3_black_4_mm_length_hex_head,HAR,Black,leisure<br>require<br>tackle<br>betray<br>diagram<br>fork<br>neutral<br>vacuum,,,hardwa,HARDW,leisure require,hardware_screw_countersunk_m3_black_4_mm_length_hex_head,B4,4,259,,leisurerequiretacklebetraydiagramforkneutralvacuumretirecrunchsocceracross,leisure require tackle betray diagram fork neutral vacuum,hardw,,B,BLAC,amazon,Screw Countersunk,black,ear ski scroll,4MMLE,leisure require tackle betray diagram,he,leisure_require_tackle,leisure-require-tackle-betray-diagram-fork-neutral,259B8D,leisurerequiretackle,BLACK,leisure require tackle,,leisurerequiretacklebetraydiagramforkneutralvacuumretirecrunchsoccer,,leisure_require_tackle_betray_diagram_fork_neutral_vacuum_retire,,4_mm_length_hex_head,,"leisure
require
tackle",hexhe,4,leisure-require-tackle-betray-diagram-fork-neutral-vacuum,leisure require tackle betray,259b8d3dbf,b,Black 4 mm Length Hex Head,,,leisure<br>require<br>tackle<br>betray<br>diagram<br>fork<br>neutral<br>vacuum<br>retire<br>crunch,H,4_MM_LENGTH,hex_he,h,HARD,leisure<br>require<br>tackle<br>betray<br>diagram<br>fork,"leisure
require
tackle
betray
diagram
fork
neutral
vacuum
retire
crunch",black,,hexh,,4,H,hex_h,scre,,4_,leisure-require-tackle-betray,H,M3,259b8d3dbff0929d6d9e7157ba2dc3fd,leisure-require-tackle-betray-diagram-fork-neutral-vacuum-retire-crunch-soccer-across,SCREWC,,HEXH,,leisure_require_tackle_betray_diagram,screwc,Countersunk,leisurerequiretacklebetraydiagram,4,hardware,259,,hard,black,leisure require tackle betray diagram fork neutral vacuum retire crunch soccer,HARDWARE,sc,4,leisure,blac,4mmle,leisure,http://192.168.1.242:1112/?label=oomp%201gtql,4_MM_L,leisure,m3,M3,leisure-require-tackle-betray-diagram-fork,HARD,bl,ha,leisure,parts/hardware_screw_countersunk_m3_black_4_mm_length_hex_head,HAR,,Hex Head,,,,http://192.168.1.108:1112/?label=oomp%201gtql,,M,,4MM,BLACK,,blac,,4mmlen,hex,m3,leisurerequiretacklebetray,259b8d,sc,Black 4 Mm Length Hex Head,HARDWA,M3,m3,,b,M3,https://github.com/oomlout/oomlout_oomp_version_1_messy/tree/main/parts/hardware_screw_countersunk_m3_black_4_mm_length_hex_head,leisure require tackle betray diagram fork neutral vacuum retire crunch soccer across,HE,leisure_require_tackle_betray_diagram_fork_neutral_vacuum,SCR,hex_head,leisure<br>require<br>tackle<br>betray,259B8D3DBF,leisure<br>require<br>tackle,s,m3,,,,"leisure
require
tackle
betray
diagram
fork
neutral
vacuum
retire",SCRE,True,BL,4m,hex,CS3B4H,259b8,4 mm Length,,SCREW,SCREW,B,,Black,,BLAC,:ear: :ski: :scroll:,3,4_mm_l,,"leisure
require
tackle
betray
diagram
fork
neutral",Screw Countersunk M3 Black 4 mm Length Hex Head,BLAC,hardware,,B,,,Hardware Screw Countersunk M3 Black 4 mm Length Hex Head,bl,head_type_diagram.png,m3,HEX_,leisure_require_tackle_betray_diagram_fork_neutral_vacuum_retire_crunch_soccer_across,har,,S,[hardware_screw_countersunk_m3_black_4_mm_length_hex_head](none)<br>[cs3b4h](none)<br>[Hardware Screw Countersunk M3 Black 4 Mm Length Hex Head](none)<br><br>,,h,HARD,,"leisure
require
tackle
betray
diagram
fork",4LEN,h,"leisure
require
tackle
betray
diagram",,har,oomp_hardware_screw_countersunk_m3_black_4_mm_length_hex_head,SC,m3,Hex Head,SCOUNTERSUNK,screw,https://github.com/oomlout/oomlout_oomp_version_1_messy/tree/main/parts/hardware_screw_countersunk_m3_black_4_mm_length_hex_head,HEX,leisure,,[],1gtql,HEX_H,accu,h,4_mm_,4_MM_LENGTH,leisure<br>require<br>tackle<br>betray<br>diagram<br>fork<br>neutral<br>vacuum<br>retire<br>crunch<br>soccer<br>across,,H,,leisure<br>require<br>tackle<br>betray<br>diagram<br>fork<br>neutral<br>vacuum<br>retire,BLACK,4_MM,leisurerequiretacklebetraydiagramforkneutral,QL,4,leisure-require-tackle-betray-diagram,black,,http://192.168.1.245:1112/?label=oomp%201gtql,"['leisure', 'require', 'tackle', 'betray', 'diagram', 'fork', 'neutral', 'vacuum', 'retire', 'crunch', 'soccer', 'across']",link_github,M,,4mm,4_mm_length,M3,hex_head,HEX_HEAD,s,SCR,BLA,1GT,leisure<br>require<br>tackle<br>betray<br>diagram,leisurerequiretacklebetraydiagramforkneutralvacuumretire,ha,"leisure
require
tackle
betray",leisurerequire,,bla,m3,,M3,leisure,hexhea,http://192.168.1.55:1112/?label=oomp%201gtql,HEX_,link_main,https://github.com/oomlout/oomlout_oomp_version_1_messy/tree/main/parts/hardware_screw_countersunk_m3_black_4_mm_length_hex_head,m,HEX,"leisure
require
tackle
betray
diagram
fork
neutral
vacuum
retire
crunch
soccer",4M,Hex Head,SCOU,,,m3,,,BLACK,M3,M3 Black 4 mm Length Hex Head,,leisure_require_tackle_betray_diagram_fork_neutral,4_mm_length,M3,4_,HEXHEA,hardw,leisurerequiretacklebetraydiagramfork,m,BLACK,4_m,leisure<br>require,Hardware,he,m3,S,aliexpress,m3,scountersunk,Countersunk M3X4 mm Black (Hex Head),https://github.com/oomlout/oomlout_oomp_part_src/tree/main/parts/hardware_screw_countersunk_m3_black_4_mm_length_hex_head,,leisure_require_tackle_betray_diagram_fork_neutral_vacuum_retire_crunch,,hex_,m3_black_4_mm_length_hex_head,HARDWARE,leisurerequiretacklebetraydiagramforkneutralvacuumretirecrunch,"leisure
require
tackle
betray
diagram
fork
neutral
vacuum
retire
crunch
soccer
across",[hardware_screw_countersunk_m3_black_4_mm_length_hex_head](none)<br><br>,"[':ear:', ':ski:', ':scroll:']",hard,H,leisure<br>require<br>tackle<br>betray<br>diagram<br>fork<br>neutral,1gt,leisure-require-tackle,hardwa,259B8,orbital_fasteners,b8d,M3,3,M3,black,ql,black,HEX_HE,Hardware,SCREW_COUNTERSUNK,leisure_require_tackle_betray,4 mm Length,black_4_mm_length_hex_head,HA,4 mm,h,"leisure
require",HEXHE,M3,HE,4MML,4MMLEN,leisure require tackle betray diagram fork neutral vacuum retire,screw_,leisure<br>require<br>tackle<br>betray<br>diagram<br>fork<br>neutral<br>vacuum<br>retire<br>crunch<br>soccer,scr,screw_countersunk,scr,B8D,leisure require tackle betray diagram fork neutral,4mml,4,SCRE,SC,h,,leisure-require-tackle-betray-diagram-fork-neutral-vacuum-retire-crunch-soccer,leisure-require,M3,,leisure_require_tackle_betray_diagram_fork,,leisure require tackle betray diagram fork neutral vacuum retire crunch,BLACK,BL,m3,4,cs3b4h,HARDW,cs3b4h,,HARDWA,4_mm,HEX_HEAD,False,leisure-require-tackle-betray-diagram-fork-neutral-vacuum-retire
hardware_screw_countersunk_m3_black_5_mm_length_hex_head,s,https://github.com/oomlout/oomlout_oomp_version_1_messy/tree/main/parts/hardware_screw_countersunk_m3_black_5_mm_length_hex_head,M3,Screw Countersunk,M,,cry_sugar_two_mango_random_foam_essence_recycle_test_repair_sea,5_M,,M3,m3,SCREW_,,m,scre,5_MM_,,M3,B5,S,cry_sugar,Black,cry sugar two mango random foam,,5 mm Length Hex Head,5,screw,M3,,crysugartwomangorandomfoamessencerecycle,HA,,H,type_diagram.png,189NX,screw_countersunk_m3_black_5_mm_length_hex_head,cry-sugar-two-mango-random-foam-essence-recycle-test-repair,BLA,b,[],"['princess', 'lock', 'bus']",bla,"cry
sugar
two
mango
random
foam
essence
recycle",CS3B5H,https://github.com/oomlout/oomlout_oomp_version_1_messy/tree/main/parts/hardware_screw_countersunk_m3_black_5_mm_length_hex_head,HAR,Black,cry<br>sugar<br>two<br>mango<br>random<br>foam<br>essence<br>recycle,,,hardwa,HARDW,cry sugar,hardware_screw_countersunk_m3_black_5_mm_length_hex_head,B5,5,1f8,,crysugartwomangorandomfoamessencerecycletestrepairseaacid,cry sugar two mango random foam essence recycle,hardw,,B,BLAC,amazon,Screw Countersunk,black,princess lock bus,5MMLE,cry sugar two mango random,he,cry_sugar_two,cry-sugar-two-mango-random-foam-essence,1F83ED,crysugartwo,BLACK,cry sugar two,,crysugartwomangorandomfoamessencerecycletestrepairsea,,cry_sugar_two_mango_random_foam_essence_recycle_test,,5_mm_length_hex_head,,"cry
sugar
two",hexhe,5,cry-sugar-two-mango-random-foam-essence-recycle,cry sugar two mango,1f83eda6fc,b,Black 5 mm Length Hex Head,,,cry<br>sugar<br>two<br>mango<br>random<br>foam<br>essence<br>recycle<br>test<br>repair,H,5_MM_LENGTH,hex_he,h,HARD,cry<br>sugar<br>two<br>mango<br>random<br>foam,"cry
sugar
two
mango
random
foam
essence
recycle
test
repair",black,,hexh,,5,H,hex_h,scre,,5_,cry-sugar-two-mango,H,M3,1f83eda6fcb3e9a96858d873d77631a9,cry-sugar-two-mango-random-foam-essence-recycle-test-repair-sea-acid,SCREWC,,HEXH,,cry_sugar_two_mango_random,screwc,Countersunk,crysugartwomangorandom,5,hardware,1F8,,hard,black,cry sugar two mango random foam essence recycle test repair sea,HARDWARE,sc,5,cry,blac,5mmle,cry,http://192.168.1.242:1112/?label=oomp%20189nx,5_MM_L,cry,m3,M3,cry-sugar-two-mango-random-foam,HARD,bl,ha,cry,parts/hardware_screw_countersunk_m3_black_5_mm_length_hex_head,HAR,,Hex Head,,,,http://192.168.1.108:1112/?label=oomp%20189nx,,M,,5MM,BLACK,,blac,,5mmlen,hex,m3,crysugartwomango,1f83ed,sc,Black 5 Mm Length Hex Head,HARDWA,M3,m3,,b,M3,https://github.com/oomlout/oomlout_oomp_version_1_messy/tree/main/parts/hardware_screw_countersunk_m3_black_5_mm_length_hex_head,cry sugar two mango random foam essence recycle test repair sea acid,HE,cry_sugar_two_mango_random_foam_essence_recycle,SCR,hex_head,cry<br>sugar<br>two<br>mango,1F83EDA6FC,cry<br>sugar<br>two,s,m3,,,,"cry
sugar
two
mango
random
foam
essence
recycle
test",SCRE,True,BL,5m,hex,CS3B5H,1f83e,5 mm Length,,SCREW,SCREW,B,,Black,,BLAC,:princess: :lock: :bus:,3,5_mm_l,,"cry
sugar
two
mango
random
foam
essence",Screw Countersunk M3 Black 5 mm Length Hex Head,BLAC,hardware,,B,,,Hardware Screw Countersunk M3 Black 5 mm Length Hex Head,bl,head_type_diagram.png,m3,HEX_,cry_sugar_two_mango_random_foam_essence_recycle_test_repair_sea_acid,har,,S,[hardware_screw_countersunk_m3_black_5_mm_length_hex_head](none)<br>[cs3b5h](none)<br>[Hardware Screw Countersunk M3 Black 5 Mm Length Hex Head](none)<br><br>,,h,HARD,,"cry
sugar
two
mango
random
foam",5LEN,h,"cry
sugar
two
mango
random",,har,oomp_hardware_screw_countersunk_m3_black_5_mm_length_hex_head,SC,m3,Hex Head,SCOUNTERSUNK,screw,https://github.com/oomlout/oomlout_oomp_version_1_messy/tree/main/parts/hardware_screw_countersunk_m3_black_5_mm_length_hex_head,HEX,cry,,[],189nx,HEX_H,accu,h,5_mm_,5_MM_LENGTH,cry<br>sugar<br>two<br>mango<br>random<br>foam<br>essence<br>recycle<br>test<br>repair<br>sea<br>acid,,H,,cry<br>sugar<br>two<br>mango<br>random<br>foam<br>essence<br>recycle<br>test,BLACK,5_MM,crysugartwomangorandomfoamessence,NX,5,cry-sugar-two-mango-random,black,,http://192.168.1.245:1112/?label=oomp%20189nx,"['cry', 'sugar', 'two', 'mango', 'random', 'foam', 'essence', 'recycle', 'test', 'repair', 'sea', 'acid']",link_github,M,,5mm,5_mm_length,M3,hex_head,HEX_HEAD,s,SCR,BLA,189,cry<br>sugar<br>two<br>mango<br>random,crysugartwomangorandomfoamessencerecycletest,ha,"cry
sugar
two
mango",crysugar,,bla,m3,,M3,cry,hexhea,http://192.168.1.55:1112/?label=oomp%20189nx,HEX_,link_main,https://github.com/oomlout/oomlout_oomp_version_1_messy/tree/main/parts/hardware_screw_countersunk_m3_black_5_mm_length_hex_head,m,HEX,"cry
sugar
two
mango
random
foam
essence
recycle
test
repair
sea",5M,Hex Head,SCOU,,,m3,,,BLACK,M3,M3 Black 5 mm Length Hex Head,,cry_sugar_two_mango_random_foam_essence,5_mm_length,M3,5_,HEXHEA,hardw,crysugartwomangorandomfoam,m,BLACK,5_m,cry<br>sugar,Hardware,he,m3,S,aliexpress,m3,scountersunk,Countersunk M3X5 mm Black (Hex Head),https://github.com/oomlout/oomlout_oomp_part_src/tree/main/parts/hardware_screw_countersunk_m3_black_5_mm_length_hex_head,,cry_sugar_two_mango_random_foam_essence_recycle_test_repair,,hex_,m3_black_5_mm_length_hex_head,HARDWARE,crysugartwomangorandomfoamessencerecycletestrepair,"cry
sugar
two
mango
random
foam
essence
recycle
test
repair
sea
acid",[hardware_screw_countersunk_m3_black_5_mm_length_hex_head](none)<br><br>,"[':princess:', ':lock:', ':bus:']",hard,H,cry<br>sugar<br>two<br>mango<br>random<br>foam<br>essence,189,cry-sugar-two,hardwa,1F83E,orbital_fasteners,3ed,M3,3,M3,black,nx,black,HEX_HE,Hardware,SCREW_COUNTERSUNK,cry_sugar_two_mango,5 mm Length,black_5_mm_length_hex_head,HA,5 mm,h,"cry
sugar",HEXHE,M3,HE,5MML,5MMLEN,cry sugar two mango random foam essence recycle test,screw_,cry<br>sugar<br>two<br>mango<br>random<br>foam<br>essence<br>recycle<br>test<br>repair<br>sea,scr,screw_countersunk,scr,3ED,cry sugar two mango random foam essence,5mml,5,SCRE,SC,h,,cry-sugar-two-mango-random-foam-essence-recycle-test-repair-sea,cry-sugar,M3,,cry_sugar_two_mango_random_foam,,cry sugar two mango random foam essence recycle test repair,BLACK,BL,m3,5,cs3b5h,HARDW,cs3b5h,,HARDWA,5_mm,HEX_HEAD,False,cry-sugar-two-mango-random-foam-essence-recycle-test
hardware_screw_countersunk_m3_black_6_mm_length_hex_head,s,https://github.com/oomlout/oomlout_oomp_version_1_messy/tree/main/parts/hardware_screw_countersunk_m3_black_6_mm_length_hex_head,M3,Screw Countersunk,M,0.0125,soccer_team_pretty_trouble_embody_swamp_immune_silent_satisfy_coyote_tent,6_M,0.0156,M3,m3,SCREW_,,m,scre,6_MM_,https://www.orbitalfasteners.co.uk/products/m3-x-6-socket-screw-countersunk-high-tensile-grade-10-9-self-colour-din-7991,M3,B6,S,soccer_team,Black,soccer team pretty trouble embody swamp,,6 mm Length Hex Head,6,screw,M3,3.58,soccerteamprettytroubleembodyswampimmunesilent,HA,https://www.accu.co.uk/countersunk-socket-head-screws/495076-SSK-M3-6-10-9,H,type_diagram.png,7PRIK,screw_countersunk_m3_black_6_mm_length_hex_head,soccer-team-pretty-trouble-embody-swamp-immune-silent-satisfy-coyote,BLA,b,[],"['candy', 'ramen', 'pill']",bla,"soccer
team
pretty
trouble
embody
swamp
immune
silent",CS3B6H,https://github.com/oomlout/oomlout_oomp_version_1_messy/tree/main/parts/hardware_screw_countersunk_m3_black_6_mm_length_hex_head,HAR,Black,soccer<br>team<br>pretty<br>trouble<br>embody<br>swamp<br>immune<br>silent,0.0281,,hardwa,HARDW,soccer team,hardware_screw_countersunk_m3_black_6_mm_length_hex_head,B6,6,c5b,0.65,soccerteamprettytroubleembodyswampimmunesilentsatisfycoyotetentarrange,soccer team pretty trouble embody swamp immune silent,hardw,0.0125,B,BLAC,amazon,Screw Countersunk,black,candy ramen pill,6MMLE,soccer team pretty trouble embody,he,soccer_team_pretty,soccer-team-pretty-trouble-embody-swamp-immune,C5BE8C,soccerteampretty,BLACK,soccer team pretty,0.65,soccerteamprettytroubleembodyswampimmunesilentsatisfycoyotetent,0.0281,soccer_team_pretty_trouble_embody_swamp_immune_silent_satisfy,53.7,6_mm_length_hex_head,0.0156,"soccer
team
pretty",hexhe,6,soccer-team-pretty-trouble-embody-swamp-immune-silent,soccer team pretty trouble,c5be8c6dfa,b,Black 6 mm Length Hex Head,5050420669030,1151M390006,soccer<br>team<br>pretty<br>trouble<br>embody<br>swamp<br>immune<br>silent<br>satisfy<br>coyote,H,6_MM_LENGTH,hex_he,h,HARD,soccer<br>team<br>pretty<br>trouble<br>embody<br>swamp,"soccer
team
pretty
trouble
embody
swamp
immune
silent
satisfy
coyote",black,,hexh,orbital_fasteners,6,H,hex_h,scre,0.0281,6_,soccer-team-pretty-trouble,H,M3,c5be8c6dfac86e376ca43e915477ae6e,soccer-team-pretty-trouble-embody-swamp-immune-silent-satisfy-coyote-tent-arrange,SCREWC,0.0281,HEXH,150,soccer_team_pretty_trouble_embody,screwc,Countersunk,soccerteamprettytroubleembody,6,hardware,C5B,0.04,hard,black,soccer team pretty trouble embody swamp immune silent satisfy coyote tent,HARDWARE,sc,6,soccer,blac,6mmle,soccer,http://192.168.1.242:1112/?label=oomp%207prik,6_MM_L,soccer,m3,M3,soccer-team-pretty-trouble-embody-swamp,HARD,bl,ha,soccer,parts/hardware_screw_countersunk_m3_black_6_mm_length_hex_head,HAR,,Hex Head,0.0156,0.04,,http://192.168.1.108:1112/?label=oomp%207prik,,M,0.04,6MM,BLACK,https://www.orbitalfasteners.co.uk/products/m3-x-6-socket-screw-countersunk-high-tensile-grade-10-9-self-colour-din-7991,blac,SSK-M3-6-10.9,6mmlen,hex,m3,soccerteamprettytrouble,c5be8c,sc,Black 6 Mm Length Hex Head,HARDWA,M3,m3,0.358,b,M3,https://github.com/oomlout/oomlout_oomp_version_1_messy/tree/main/parts/hardware_screw_countersunk_m3_black_6_mm_length_hex_head,soccer team pretty trouble embody swamp immune silent satisfy coyote tent arrange,HE,soccer_team_pretty_trouble_embody_swamp_immune_silent,SCR,hex_head,soccer<br>team<br>pretty<br>trouble,C5BE8C6DFA,soccer<br>team<br>pretty,s,m3,https://www.harclob2b.com/m3-x-6-socket-csk-screw-gr10-9-self-colour-din-799-1151m390006,1901000,0.0156,"soccer
team
pretty
trouble
embody
swamp
immune
silent
satisfy",SCRE,True,BL,6m,hex,CS3B6H,c5be8,6 mm Length,0.0125,SCREW,SCREW,B,https://www.harclob2b.com/m3-x-6-socket-csk-screw-gr10-9-self-colour-din-799-1151m390006,Black,0.04,BLAC,:candy: :ramen: :pill:,3,6_mm_l,0.0125,"soccer
team
pretty
trouble
embody
swamp
immune",Screw Countersunk M3 Black 6 mm Length Hex Head,BLAC,hardware,,B,4800,,Hardware Screw Countersunk M3 Black 6 mm Length Hex Head,bl,head_type_diagram.png,m3,HEX_,soccer_team_pretty_trouble_embody_swamp_immune_silent_satisfy_coyote_tent_arrange,har,,S,[hardware_screw_countersunk_m3_black_6_mm_length_hex_head](none)<br>[cs3b6h](none)<br>[Hardware Screw Countersunk M3 Black 6 Mm Length Hex Head](none)<br><br>,0.04,h,HARD,0.0125,"soccer
team
pretty
trouble
embody
swamp",6LEN,h,"soccer
team
pretty
trouble
embody",0.04,har,oomp_hardware_screw_countersunk_m3_black_6_mm_length_hex_head,SC,m3,Hex Head,SCOUNTERSUNK,screw,https://github.com/oomlout/oomlout_oomp_version_1_messy/tree/main/parts/hardware_screw_countersunk_m3_black_6_mm_length_hex_head,HEX,soccer,0.0281,[],7prik,HEX_H,accu,h,6_mm_,6_MM_LENGTH,soccer<br>team<br>pretty<br>trouble<br>embody<br>swamp<br>immune<br>silent<br>satisfy<br>coyote<br>tent<br>arrange,75,H,0.04,soccer<br>team<br>pretty<br>trouble<br>embody<br>swamp<br>immune<br>silent<br>satisfy,BLACK,6_MM,soccerteamprettytroubleembodyswampimmune,IK,6,soccer-team-pretty-trouble-embody,black,M3 x 6 Socket Csk Screw Gr10.9 Self Colour DIN 7991 165,http://192.168.1.245:1112/?label=oomp%207prik,"['soccer', 'team', 'pretty', 'trouble', 'embody', 'swamp', 'immune', 'silent', 'satisfy', 'coyote', 'tent', 'arrange']",link_github,M,orbital_fasteners,6mm,6_mm_length,M3,hex_head,HEX_HEAD,s,SCR,BLA,7PR,soccer<br>team<br>pretty<br>trouble<br>embody,soccerteamprettytroubleembodyswampimmunesilentsatisfy,ha,"soccer
team
pretty
trouble",soccerteam,hardware_screw_countersunk_m3_black_6_mm_length_hex_head,bla,m3,7318156890,M3,soccer,hexhea,http://192.168.1.55:1112/?label=oomp%207prik,HEX_,link_main,https://github.com/oomlout/oomlout_oomp_version_1_messy/tree/main/parts/hardware_screw_countersunk_m3_black_6_mm_length_hex_head,m,HEX,"soccer
team
pretty
trouble
embody
swamp
immune
silent
satisfy
coyote
tent",6M,Hex Head,SCOU,,SSK-M3-6-10.9+-zinc,m3,200,0.0125,BLACK,M3,M3 Black 6 mm Length Hex Head,200,soccer_team_pretty_trouble_embody_swamp_immune,6_mm_length,M3,6_,HEXHEA,hardw,soccerteamprettytroubleembodyswamp,m,BLACK,6_m,soccer<br>team,Hardware,he,m3,S,aliexpress,m3,scountersunk,Countersunk M3X6 mm Black (Hex Head),https://github.com/oomlout/oomlout_oomp_part_src/tree/main/parts/hardware_screw_countersunk_m3_black_6_mm_length_hex_head,0.0281,soccer_team_pretty_trouble_embody_swamp_immune_silent_satisfy_coyote,,hex_,m3_black_6_mm_length_hex_head,HARDWARE,soccerteamprettytroubleembodyswampimmunesilentsatisfycoyote,"soccer
team
pretty
trouble
embody
swamp
immune
silent
satisfy
coyote
tent
arrange",[hardware_screw_countersunk_m3_black_6_mm_length_hex_head](none)<br><br>,"[':candy:', ':ramen:', ':pill:']",hard,H,soccer<br>team<br>pretty<br>trouble<br>embody<br>swamp<br>immune,7pr,soccer-team-pretty,hardwa,C5BE8,orbital_fasteners,e8c,M3,3,M3,black,ik,black,HEX_HE,Hardware,SCREW_COUNTERSUNK,soccer_team_pretty_trouble,6 mm Length,black_6_mm_length_hex_head,HA,6 mm,h,"soccer
team",HEXHE,M3,HE,6MML,6MMLEN,soccer team pretty trouble embody swamp immune silent satisfy,screw_,soccer<br>team<br>pretty<br>trouble<br>embody<br>swamp<br>immune<br>silent<br>satisfy<br>coyote<br>tent,scr,screw_countersunk,scr,E8C,soccer team pretty trouble embody swamp immune,6mml,6,SCRE,SC,h,0.04,soccer-team-pretty-trouble-embody-swamp-immune-silent-satisfy-coyote-tent,soccer-team,M3,,soccer_team_pretty_trouble_embody_swamp,,soccer team pretty trouble embody swamp immune silent satisfy coyote,BLACK,BL,m3,6,cs3b6h,HARDW,cs3b6h,webpage_manufacturer_metalmate,HARDWA,6_mm,HEX_HEAD,False,soccer-team-pretty-trouble-embody-swamp-immune-silent-satisfy
hardware_screw_countersunk_m3_black_8_mm_length_hex_head,s,https://github.com/oomlout/oomlout_oomp_version_1_messy/tree/main/parts/hardware_screw_countersunk_m3_black_8_mm_length_hex_head,M3,Screw Countersunk,M,0.0127,pyramid_choose_camp_card_adult_transfer_hover_rural_ability_hire_toward,8_M,0.0158,M3,m3,SCREW_,,m,scre,8_MM_,https://www.orbitalfasteners.co.uk/products/m3-x-8-socket-screw-countersunk-high-tensile-grade-10-9-self-colour-din-7991,M3,B8,S,pyramid_choose,Black,pyramid choose camp card adult transfer,,8 mm Length Hex Head,8,screw,M3,4.45,pyramidchoosecampcardadulttransferhoverrural,HA,,H,type_diagram.png,65NH7,screw_countersunk_m3_black_8_mm_length_hex_head,pyramid-choose-camp-card-adult-transfer-hover-rural-ability-hire,BLA,b,[],"['hearts', 'watermelon', 'muscle']",bla,"pyramid
choose
camp
card
adult
transfer
hover
rural",CS3B8H,https://github.com/oomlout/oomlout_oomp_version_1_messy/tree/main/parts/hardware_screw_countersunk_m3_black_8_mm_length_hex_head,HAR,Black,pyramid<br>choose<br>camp<br>card<br>adult<br>transfer<br>hover<br>rural,0.0286,,hardwa,HARDW,pyramid choose,hardware_screw_countersunk_m3_black_8_mm_length_hex_head,B8,8,9dc,,pyramidchoosecampcardadulttransferhoverruralabilityhiretowardantenna,pyramid choose camp card adult transfer hover rural,hardw,0.0127,B,BLAC,amazon,Screw Countersunk,black,hearts watermelon muscle,8MMLE,pyramid choose camp card adult,he,pyramid_choose_camp,pyramid-choose-camp-card-adult-transfer-hover,9DCC1B,pyramidchoosecamp,BLACK,pyramid choose camp,,pyramidchoosecampcardadulttransferhoverruralabilityhiretoward,0.0286,pyramid_choose_camp_card_adult_transfer_hover_rural_ability,53.4,8_mm_length_hex_head,0.0158,"pyramid
choose
camp",hexhe,8,pyramid-choose-camp-card-adult-transfer-hover-rural,pyramid choose camp card,9dcc1b0001,b,Black 8 mm Length Hex Head,5050420669047,1151M390008,pyramid<br>choose<br>camp<br>card<br>adult<br>transfer<br>hover<br>rural<br>ability<br>hire,H,8_MM_LENGTH,hex_he,h,HARD,pyramid<br>choose<br>camp<br>card<br>adult<br>transfer,"pyramid
choose
camp
card
adult
transfer
hover
rural
ability
hire",black,,hexh,orbital_fasteners,8,H,hex_h,scre,0.0286,8_,pyramid-choose-camp-card,H,M3,9dcc1b0001bd8dcf9c81e228418a1578,pyramid-choose-camp-card-adult-transfer-hover-rural-ability-hire-toward-antenna,SCREWC,0.0286,HEXH,120,pyramid_choose_camp_card_adult,screwc,Countersunk,pyramidchoosecampcardadult,8,hardware,9DC,,hard,black,pyramid choose camp card adult transfer hover rural ability hire toward,HARDWARE,sc,8,pyramid,blac,8mmle,pyramid,http://192.168.1.242:1112/?label=oomp%2065nh7,8_MM_L,pyramid,m3,M3,pyramid-choose-camp-card-adult-transfer,HARD,bl,ha,pyramid,parts/hardware_screw_countersunk_m3_black_8_mm_length_hex_head,HAR,,Hex Head,0.0158,,,http://192.168.1.108:1112/?label=oomp%2065nh7,,M,,8MM,BLACK,https://www.orbitalfasteners.co.uk/products/m3-x-8-socket-screw-countersunk-high-tensile-grade-10-9-self-colour-din-7991,blac,SSK-M3-8-10.9,8mmlen,hex,m3,pyramidchoosecampcard,9dcc1b,sc,Black 8 Mm Length Hex Head,HARDWA,M3,m3,0.445,b,M3,https://github.com/oomlout/oomlout_oomp_version_1_messy/tree/main/parts/hardware_screw_countersunk_m3_black_8_mm_length_hex_head,pyramid choose camp card adult transfer hover rural ability hire toward antenna,HE,pyramid_choose_camp_card_adult_transfer_hover_rural,SCR,hex_head,pyramid<br>choose<br>camp<br>card,9DCC1B0001,pyramid<br>choose<br>camp,s,m3,https://www.harclob2b.com/m3-x-8-socket-csk-screw-gr10-9-self-colour-din-799-1151m390008,1901010,0.0158,"pyramid
choose
camp
card
adult
transfer
hover
rural
ability",SCRE,True,BL,8m,hex,CS3B8H,9dcc1,8 mm Length,0.0127,SCREW,SCREW,B,https://www.harclob2b.com/m3-x-8-socket-csk-screw-gr10-9-self-colour-din-799-1151m390008,Black,,BLAC,:hearts: :watermelon: :muscle:,3,8_mm_l,0.0127,"pyramid
choose
camp
card
adult
transfer
hover",Screw Countersunk M3 Black 8 mm Length Hex Head,BLAC,hardware,,B,4800,,Hardware Screw Countersunk M3 Black 8 mm Length Hex Head,bl,head_type_diagram.png,m3,HEX_,pyramid_choose_camp_card_adult_transfer_hover_rural_ability_hire_toward_antenna,har,,S,[hardware_screw_countersunk_m3_black_8_mm_length_hex_head](none)<br>[cs3b8h](none)<br>[Hardware Screw Countersunk M3 Black 8 Mm Length Hex Head](none)<br><br>,,h,HARD,0.0127,"pyramid
choose
camp
card
adult
transfer",8LEN,h,"pyramid
choose
camp
card
adult",,har,oomp_hardware_screw_countersunk_m3_black_8_mm_length_hex_head,SC,m3,Hex Head,SCOUNTERSUNK,screw,https://github.com/oomlout/oomlout_oomp_version_1_messy/tree/main/parts/hardware_screw_countersunk_m3_black_8_mm_length_hex_head,HEX,pyramid,0.0286,[],65nh7,HEX_H,accu,h,8_mm_,8_MM_LENGTH,pyramid<br>choose<br>camp<br>card<br>adult<br>transfer<br>hover<br>rural<br>ability<br>hire<br>toward<br>antenna,60,H,,pyramid<br>choose<br>camp<br>card<br>adult<br>transfer<br>hover<br>rural<br>ability,BLACK,8_MM,pyramidchoosecampcardadulttransferhover,H7,8,pyramid-choose-camp-card-adult,black,M3 x 8 Socket Csk Screw Gr10.9 Self Colour DIN 7991 165,http://192.168.1.245:1112/?label=oomp%2065nh7,"['pyramid', 'choose', 'camp', 'card', 'adult', 'transfer', 'hover', 'rural', 'ability', 'hire', 'toward', 'antenna']",link_github,M,orbital_fasteners,8mm,8_mm_length,M3,hex_head,HEX_HEAD,s,SCR,BLA,65N,pyramid<br>choose<br>camp<br>card<br>adult,pyramidchoosecampcardadulttransferhoverruralability,ha,"pyramid
choose
camp
card",pyramidchoose,hardware_screw_countersunk_m3_black_8_mm_length_hex_head,bla,m3,7318156890,M3,pyramid,hexhea,http://192.168.1.55:1112/?label=oomp%2065nh7,HEX_,link_main,https://github.com/oomlout/oomlout_oomp_version_1_messy/tree/main/parts/hardware_screw_countersunk_m3_black_8_mm_length_hex_head,m,HEX,"pyramid
choose
camp
card
adult
transfer
hover
rural
ability
hire
toward",8M,Hex Head,SCOU,,SSK-M3-8-10.9+-zinc,m3,200,0.0127,BLACK,M3,M3 Black 8 mm Length Hex Head,200,pyramid_choose_camp_card_adult_transfer_hover,8_mm_length,M3,8_,HEXHEA,hardw,pyramidchoosecampcardadulttransfer,m,BLACK,8_m,pyramid<br>choose,Hardware,he,m3,S,aliexpress,m3,scountersunk,Countersunk M3X8 mm Black (Hex Head),https://github.com/oomlout/oomlout_oomp_part_src/tree/main/parts/hardware_screw_countersunk_m3_black_8_mm_length_hex_head,0.0286,pyramid_choose_camp_card_adult_transfer_hover_rural_ability_hire,,hex_,m3_black_8_mm_length_hex_head,HARDWARE,pyramidchoosecampcardadulttransferhoverruralabilityhire,"pyramid
choose
camp
card
adult
transfer
hover
rural
ability
hire
toward
antenna",[hardware_screw_countersunk_m3_black_8_mm_length_hex_head](none)<br><br>,"[':hearts:', ':watermelon:', ':muscle:']",hard,H,pyramid<br>choose<br>camp<br>card<br>adult<br>transfer<br>hover,65n,pyramid-choose-camp,hardwa,9DCC1,orbital_fasteners,c1b,M3,3,M3,black,h7,black,HEX_HE,Hardware,SCREW_COUNTERSUNK,pyramid_choose_camp_card,8 mm Length,black_8_mm_length_hex_head,HA,8 mm,h,"pyramid
choose",HEXHE,M3,HE,8MML,8MMLEN,pyramid choose camp card adult transfer hover rural ability,screw_,pyramid<br>choose<br>camp<br>card<br>adult<br>transfer<br>hover<br>rural<br>ability<br>hire<br>toward,scr,screw_countersunk,scr,C1B,pyramid choose camp card adult transfer hover,8mml,8,SCRE,SC,h,,pyramid-choose-camp-card-adult-transfer-hover-rural-ability-hire-toward,pyramid-choose,M3,,pyramid_choose_camp_card_adult_transfer,,pyramid choose camp card adult transfer hover rural ability hire,BLACK,BL,m3,8,cs3b8h,HARDW,cs3b8h,webpage_manufacturer_metalmate,HARDWA,8_mm,HEX_HEAD,False,pyramid-choose-camp-card-adult-transfer-hover-rural-ability
